country_code,country_name,sector_code,sector_name,year,ai_any_pct,ai_any_flag,ai_ge2_pct,ai_ge2_flag,ai_ge3_pct,ai_ge3_flag,ai_workflow_pct,ai_workflow_flag,ai_production_pct,ai_production_flag,ai_logistics_pct,ai_logistics_flag,ai_marketing_pct,ai_marketing_flag,ai_security_pct,ai_security_flag,value_added_meur_ge10,persons_employed_ge10,av_size_groups_available,emp_size_groups_available,labour_productivity_keur,missing_ai_measures,ai_any_break,core_complete,balanced_entity,gva_current_meur_na,gva_current_meur_na_status,gva_volume_2020_meur_na,gva_volume_2020_meur_na_status,na_deflator_cp_over_clv20,na_deflator_base,na_deflator_norm_2021,value_added_real_2021_meur_ge10,labour_productivity_real_2021_keur,real_productivity_available
BE,Belgium,C,Manufacturing,2021,10.42,,5.11,,2.69,,3.79,,3.98,,1.22,,0.81,,4.29,,64282.630000000005,444390.0,4,4,144.65363757060243,0,No,Yes,Yes,54373.8,,52876.7,,1.0283130376895684,1.0283130376895684,1.0,64282.630000000005,144.65363757060243,Yes
BE,Belgium,C,Manufacturing,2023,15.31,,6.89,,3.82,,6.92,,5.24,,2.28,,1.44,,5.31,,73000.62,455708.0,4,4,160.19165781596988,0,No,Yes,Yes,72062.6,,60328.2,,1.1945093670953222,1.0283130376895684,1.1616203658947732,62843.7845472596,137.90362369600624,Yes
BE,Belgium,C,Manufacturing,2024,23.24,,13.31,,9.85,,9.46,,7.02,,3.51,,6.22,,8.24,,73463.07,445163.0,4,4,165.02510316445887,0,No,Yes,Yes,70943.6,p,59064.7,p,1.2011167414716406,1.0283130376895684,1.1680458162529288,62893.99694582897,141.2830737186805,Yes
BE,Belgium,F,Construction,2021,8.3,,3.19,,1.54,,2.45,,0.93,,0.22,,0.5,,2.1,,12345.33,154483.0,4,4,79.91384165247956,0,No,Yes,Yes,24533.6,,23705.3,,1.0349415531547796,1.0349415531547796,1.0,12345.33,79.91384165247956,Yes
BE,Belgium,F,Construction,2023,5.17,,1.65,,1.17,,0.35,,0.36,,0.33,,0.18,,2.41,,14638.81,162703.0,4,4,89.97258808995532,0,No,Yes,Yes,29771.7,,24014.1,,1.2397591415043663,1.0349415531547796,1.1979025653431807,12220.367852544172,75.10843593876064,Yes
BE,Belgium,F,Construction,2024,11.08,,7.08,,2.02,,3.33,,0.95,,0.08,,1.69,,1.69,,15925.33,161999.0,4,4,98.30511299452466,0,No,Yes,Yes,30118.5,p,24338.1,p,1.2375041601439718,1.0349415531547796,1.195723716350674,13318.569985885873,82.21390246782927,Yes
BE,Belgium,G,Wholesale and retail trade; repair of motor vehicles and motorcycles,2021,8.08,,4.29,,1.43,,2.18,,1.83,,1.33,,1.38,,2.6,,43683.17,417546.0,4,4,104.6188204413406,0,No,Yes,Yes,55037.5,,54118.2,,1.0169868916556724,1.0169868916556724,1.0,43683.17,104.6188204413406,Yes
BE,Belgium,G,Wholesale and retail trade; repair of motor vehicles and motorcycles,2023,10.25,,4.73,,2.4,,2.87,,1.89,,0.94,,2.65,,2.21,,42554.65,412063.0,4,4,103.27219381502344,0,No,Yes,Yes,61154.6,,52937.1,,1.1552313972620336,1.0169868916556724,1.1359353859333396,37462.210022654624,90.91379236343623,Yes
BE,Belgium,G,Wholesale and retail trade; repair of motor vehicles and motorcycles,2024,22.48,,14.84,,9.13,,10.27,,5.13,,3.65,,8.21,,7.84,,42709.95,415247.0,4,4,102.8543252570157,0,No,Yes,Yes,62416.2,p,52940.6,p,1.1789855045088269,1.0169868916556724,1.159292724598857,36841.38534965676,88.72161713307203,Yes
BE,Belgium,H,Transportation and storage,2021,5.69,,1.8,,1.53,,1.66,,1.04,,1.35,,0.84,,4.03,,15616.75,186150.0,4,4,83.89336556540424,0,No,Yes,Yes,24749.1,,23501.0,,1.053108378366878,1.053108378366878,1.0,15616.75,83.89336556540424,Yes
BE,Belgium,H,Transportation and storage,2023,14.94,,7.49,,2.95,,5.88,,1.25,,6.44,,0.92,,4.84,,19579.31,197912.0,4,4,98.9293726504709,0,No,Yes,Yes,30526.3,,24812.2,,1.2302939682897929,1.053108378366878,1.168250099954278,16759.519216618326,84.68167274656575,Yes
BE,Belgium,H,Transportation and storage,2024,23.03,,18.31,,12.64,,12.4,,3.76,,8.26,,2.67,,9.56,,19721.91,198623.0,4,4,99.29318356887168,0,No,Yes,Yes,31052.6,p,24273.9,p,1.2792587923654624,1.053108378366878,1.2147456222400301,16235.423811309698,81.73989825604133,Yes
BE,Belgium,I,Accommodation and food service activities,2021,1.43,,0.57,,0.28,,0.28,,0.0,,0.0,,0.0,,1.15,,2084.81,61701.0,4,4,33.78891752159608,0,No,Yes,Yes,6483.5,,6365.8,,1.018489427880235,1.018489427880235,1.0,2084.81,33.78891752159608,Yes
BE,Belgium,I,Accommodation and food service activities,2023,7.98,,0.33,,0.1,,0.24,,0.2,,0.2,,0.1,,0.0,,4190.75,82566.0,4,4,50.75636460528547,0,No,Yes,Yes,10683.2,,9569.6,,1.1163685002507941,1.018489427880235,1.0961021977167433,3823.320497604714,46.30623377182756,Yes
BE,Belgium,I,Accommodation and food service activities,2024,15.66,,6.88,,2.81,,2.0,,0.22,,0.14,,1.67,,0.68,,4497.11,85157.0,4,4,52.809633970196224,0,No,Yes,Yes,11135.4,p,9606.7,p,1.159128524883675,1.018489427880235,1.1380859664848457,3951.467755893712,46.40214845395813,Yes
BE,Belgium,J,Information and communication,2021,34.76,,26.0,,11.26,,11.72,,7.67,,1.97,,6.39,,7.82,,15777.65,101252.0,4,4,155.82556393947775,0,No,Yes,No,20397.8,,20454.5,,0.9972279938399863,0.9972279938399863,1.0,15777.65,155.82556393947775,Yes
BE,Belgium,J,Information and communication,2023,,,,,22.0,,23.34,,6.43,,1.69,,9.4,,16.45,,17567.870000000003,107469.0,4,4,163.4691864630731,2,No,No,No,23536.6,,22708.1,,1.0364847785591926,0.9972279938399863,1.0393659072566162,16902.488216464608,157.2778030545051,Yes
BE,Belgium,J,Information and communication,2024,64.12,,51.75,,38.52,,32.75,,23.21,,4.58,,22.27,,20.53,,17884.75,106126.0,4,4,168.52373593652828,0,No,Yes,No,24579.0,p,23462.7,p,1.0475776445166156,0.9972279938399863,1.0504896081815251,17025.156518168533,160.423991464566,Yes
BE,Belgium,L,Real estate activities,2021,3.3,,2.76,,0.0,,0.0,,0.0,,0.0,,2.76,,2.76,,,,2,2,,0,No,No,No,43691.5,,43134.7,,1.0129084008930167,1.0129084008930167,1.0,,,No
BE,Belgium,L,Real estate activities,2023,4.52,,0.0,,0.0,,2.99,,0.0,,0.0,,0.0,,0.78,,,,2,2,,0,No,No,No,55667.1,,46155.1,,1.2060877346165428,1.0129084008930167,1.1907174760849177,,,No
BE,Belgium,L,Real estate activities,2024,,,,,6.74,,,,2.25,,2.25,,,,2.81,,2672.5,13797.0,4,4,193.70152931796767,4,No,No,No,56274.2,p,46288.9,p,1.2157169429388037,1.0129084008930167,1.2002239707627893,2226.66774293928,161.38781930414436,Yes
BE,Belgium,M,"Professional, scientific and technical activities",2021,20.24,,13.23,,7.9,,6.55,,2.68,,3.77,,2.8,,9.88,,14971.04,129972.0,4,4,115.18665558735728,0,No,Yes,Yes,47906.3,,47763.5,,1.002989730652067,1.002989730652067,1.0,14971.04,115.18665558735728,Yes
BE,Belgium,M,"Professional, scientific and technical activities",2023,28.28,,18.42,,11.61,,11.08,,5.87,,0.26,,2.95,,5.98,,17249.809999999998,136134.0,4,4,126.71198965724945,0,No,Yes,Yes,57302.4,,52022.6,,1.101490506049294,1.002989730652067,1.0982071624334473,15707.245945999153,115.38077148984935,Yes
BE,Belgium,M,"Professional, scientific and technical activities",2024,42.92,,29.7,,19.65,,20.08,,8.67,,1.53,,3.85,,14.73,,17999.15,138238.0,4,4,130.20406834589622,0,No,Yes,Yes,60519.6,p,54147.9,p,1.117672153490717,1.002989730652067,1.1143405753158533,16152.288087417304,116.84405219561411,Yes
BE,Belgium,N,Administrative and support service activities,2021,8.7,,4.43,,2.27,,2.1,,0.48,,0.24,,2.02,,2.39,,19348.14,411255.0,4,4,47.04657694131378,0,No,Yes,Yes,23681.3,,23375.6,,1.0130777391810264,1.0130777391810264,1.0,19348.14,47.04657694131378,Yes
BE,Belgium,N,Administrative and support service activities,2023,11.04,,6.06,,2.5,,4.25,,0.5,,0.17,,3.74,,2.35,,22754.4,418297.0,4,4,54.39771263002125,0,No,Yes,Yes,26688.9,,23666.6,,1.1277031766286667,1.0130777391810264,1.1131457468804948,20441.52804227789,48.868454811480575,Yes
BE,Belgium,N,Administrative and support service activities,2024,20.99,,11.12,,4.89,,5.21,,2.52,,0.25,,5.75,,4.25,,23268.5,418096.0,4,4,55.65348628066281,0,No,Yes,Yes,28398.7,p,24260.8,p,1.1705590912088637,1.0130777391810264,1.1554484379008718,20138.06868117143,48.166135722827846,Yes
BG,Bulgaria,C,Manufacturing,2021,2.88,,,,,,,,,,,,,,,,7828.22,446022.0,4,4,17.55119702615566,7,No,Yes,Yes,8003.6,,8058.6,,0.9931749931749931,0.9931749931749931,1.0,7828.22,17.55119702615566,Yes
BG,Bulgaria,C,Manufacturing,2023,2.55,,0.95,,0.19,,1.2,,0.94,,0.11,,0.3,,0.17,,10808.67,436954.0,4,4,24.73640245884006,0,No,Yes,Yes,12714.0,,10891.1,,1.1673751962611674,0.9931749931749931,1.1753972907929235,9195.758816755879,21.04514163219899,Yes
BG,Bulgaria,C,Manufacturing,2024,4.35,,1.95,,1.04,,1.84,,1.26,,0.63,,1.1,,0.23,,11263.78,420281.0,4,4,26.80059293663049,0,No,Yes,Yes,13092.1,,10557.7,,1.2400522841149113,0.9931749931749931,1.2485738088820562,9021.31689762524,21.464964863092167,Yes
BG,Bulgaria,F,Construction,2021,1.47,,,,0.0,,,,,,0.0,,0.0,,,,1860.11,112076.0,4,4,16.596862843070774,4,No,Yes,No,2477.1,,2293.0,,1.0802878325337986,1.0802878325337986,1.0,1860.11,16.596862843070774,Yes
BG,Bulgaria,F,Construction,2023,,,,,0.0,,,,,,0.0,,0.0,,,,2562.71,111778.0,4,4,22.92678344575856,5,No,No,No,3666.7,,2506.3,,1.462993256992379,1.0802878325337986,1.3542624594418977,1892.3289072460245,16.92935020528212,Yes
BG,Bulgaria,F,Construction,2024,1.6,,,,,,,,,,0.0,,,,0.0,,3326.25,117720.0,4,4,28.255606523955148,5,No,Yes,No,4376.1,,2782.0,,1.573005032350827,1.0802878325337986,1.4560980740302958,2284.358491590721,19.40501606855862,Yes
BG,Bulgaria,G,Wholesale and retail trade; repair of motor vehicles and motorcycles,2021,2.47,,0.51,,0.24,,1.72,,0.0,,,,1.17,,0.44,,5862.82,268580.0,4,4,21.828952267480823,1,No,Yes,Yes,9985.4,,8572.6,,1.1648041434337306,1.1648041434337306,1.0,5862.82,21.828952267480823,Yes
BG,Bulgaria,G,Wholesale and retail trade; repair of motor vehicles and motorcycles,2023,2.5,,1.0,,0.84,,0.97,,,,0.29,,0.86,,0.42,,7477.33,273480.0,4,4,27.34141436302472,1,No,Yes,Yes,12932.7,,8884.5,,1.455647475941246,1.1648041434337306,1.249692906869422,5983.333952603839,21.878506481658036,Yes
BG,Bulgaria,G,Wholesale and retail trade; repair of motor vehicles and motorcycles,2024,6.13,,3.06,,2.42,,2.31,,0.69,,0.61,,2.25,,0.96,,8299.939999999999,278983.0,4,4,29.750701655656435,0,No,Yes,Yes,14670.3,,9879.5,,1.484923326079255,1.1648041434337306,1.2748266173760712,6510.642221358275,23.337057173226594,Yes
BG,Bulgaria,H,Transportation and storage,2021,1.92,,0.95,,,,1.56,,0.0,,,,,,,,1675.65,105961.0,4,4,15.813837166504657,4,No,Yes,Yes,3035.4,,3071.3,,0.9883111386058021,0.9883111386058021,1.0,1675.65,15.813837166504657,Yes
BG,Bulgaria,H,Transportation and storage,2023,1.9,,1.48,,,,1.67,,,,,,,,,,2465.08,106783.0,4,4,23.084947978610828,5,No,Yes,Yes,3910.2,,3393.4,,1.1522956326987681,0.9883111386058021,1.165923956219189,2114.271678569554,19.799702935575457,Yes
BG,Bulgaria,H,Transportation and storage,2024,4.4,,2.52,,1.71,,2.62,,,,1.09,,1.97,,,,2679.62,105758.0,4,4,25.3372794493088,2,No,Yes,Yes,4376.2,,3619.5,,1.209062025141594,0.9883111386058021,1.2233617308484475,2190.3742224645057,20.711191800757444,Yes
BG,Bulgaria,I,Accommodation and food service activities,2021,,,0.0,,0.0,,0.0,,,,0.0,,,,0.0,,754.17,73346.0,4,4,10.282360319581164,3,No,No,No,1420.5,,1409.1,,1.0080902703853525,1.0080902703853525,1.0,754.17,10.282360319581164,Yes
BG,Bulgaria,I,Accommodation and food service activities,2023,0.76,,,,0.0,,0.53,,,,0.0,,0.65,,,,1464.72,92886.0,4,4,15.769007170079451,3,No,Yes,No,2361.5,,1662.2,,1.4207074960895199,1.0080902703853525,1.4093058308621909,1039.320187232822,11.189201679831427,Yes
BG,Bulgaria,I,Accommodation and food service activities,2024,2.66,,0.74,,,,0.39,,,,,,0.89,,,,1749.36,100999.0,4,4,17.320567530371587,4,No,Yes,No,2741.5,,1756.1,,1.5611297762086442,1.0080902703853525,1.548601173991975,1129.6388181667912,11.184653493270144,Yes
BG,Bulgaria,J,Information and communication,2021,20.82,,14.72,,8.09,,11.81,,2.73,,,,7.61,,3.05,,4063.3,102956.0,4,4,39.4663739850033,1,No,Yes,Yes,4867.4,,4833.0,,1.007117732257397,1.007117732257397,1.0,4063.3,39.4663739850033,Yes
BG,Bulgaria,J,Information and communication,2023,21.4,,16.73,,9.55,,12.0,,4.79,,,,7.4,,6.11,,5916.33,118171.0,4,4,50.065836795829775,1,No,Yes,Yes,6846.6,,5140.5,,1.3318937846512986,1.007117732257397,1.3224807209639082,4473.660678915457,37.8575173174083,Yes
BG,Bulgaria,J,Information and communication,2024,33.92,,29.32,,18.68,,19.7,,8.78,,0.95,,14.22,,6.26,,6565.06,118832.0,4,4,55.24656658139221,0,No,Yes,Yes,7736.9,,5224.7,,1.4808314352977203,1.007117732257397,1.4703657654587425,4464.916250244546,37.573349352401245,Yes
BG,Bulgaria,L,Real estate activities,2021,,,0.0,,0.0,,,,0.0,,0.0,,,,0.0,,,,2,2,,3,No,No,No,5619.9,,5582.3,,1.006735574942228,1.006735574942228,1.0,,,No
BG,Bulgaria,L,Real estate activities,2023,0.0,,0.0,,0.0,,0.0,,0.0,,0.0,,0.0,,0.0,,355.08,,4,2,,0,No,No,No,7177.3,,6257.2,,1.1470466023141341,1.006735574942228,1.1393722749689839,311.64528732250045,,No
BG,Bulgaria,L,Real estate activities,2024,,,,,,,,,,,0.0,,,,,,,,2,2,,7,No,No,No,7327.5,,6092.7,,1.202668767541484,1.006735574942228,1.194622299515441,,,No
BG,Bulgaria,M,"Professional, scientific and technical activities",2021,3.68,,2.38,,,,1.0,,,,,,,,,,1118.2,45421.0,4,4,24.618568503555625,5,No,Yes,Yes,2752.7,,2717.5,,1.012953081876725,1.012953081876725,1.0,1118.2,24.618568503555625,Yes
BG,Bulgaria,M,"Professional, scientific and technical activities",2023,9.65,,5.52,,,,5.6,,2.46,,,,4.35,,2.97,,1515.71,48873.0,4,4,31.013238393386946,2,No,Yes,Yes,3577.0,,2839.0,,1.259950686861571,1.012953081876725,1.2438391366826458,1218.5739741574955,24.933480125171275,Yes
BG,Bulgaria,M,"Professional, scientific and technical activities",2024,14.17,,11.65,,7.38,,7.27,,1.95,,,,2.56,,4.52,,1636.8,50462.0,4,4,32.43628869248147,1,No,Yes,Yes,4010.0,,2943.9,,1.3621386596012093,1.012953081876725,1.3447203863357018,1217.2047190124044,24.121214359565702,Yes
BG,Bulgaria,N,Administrative and support service activities,2021,2.88,,,,,,1.76,,0.0,,0.0,,0.0,,,,1128.52,96948.0,4,4,11.640467054503445,3,No,Yes,Yes,1566.3,,1546.6,,1.0127376180007759,1.0127376180007759,1.0,1128.52,11.640467054503445,Yes
BG,Bulgaria,N,Administrative and support service activities,2023,6.16,,1.49,,,,2.05,,,,0.0,,,,,,1438.64,96308.0,4,4,14.937907546621258,4,No,Yes,Yes,2268.6,,1833.4,,1.2373731864295843,1.0127376180007759,1.2218102343944295,1177.4659922643705,12.226045523366393,Yes
BG,Bulgaria,N,Administrative and support service activities,2024,3.9,,1.88,,,,1.98,,,,0.0,,,,,,1804.78,97002.0,4,4,18.605595760912145,4,No,Yes,Yes,2640.0,,1904.2,,1.3864089906522423,1.0127376180007759,1.368971553944173,1318.3473351219097,13.590929415083293,Yes
CZ,Czechia,C,Manufacturing,2021,4.19,,1.65,,0.86,,1.8,,2.43,,0.55,,0.63,,1.48,,42651.95,1086019.0,4,4,39.27366832440316,0,No,Yes,Yes,48319.2,,46548.7,,1.038035433857444,1.038035433857444,1.0,42651.95,39.27366832440316,Yes
CZ,Czechia,C,Manufacturing,2023,6.01,,2.94,,1.17,,2.39,,3.36,,1.16,,0.72,,1.82,,51697.18,1068086.0,4,4,48.40170173562803,0,No,Yes,Yes,65201.7,,52394.4,,1.2444402455224222,1.038035433857444,1.1988417783562137,43122.60461166472,40.37371954286895,Yes
CZ,Czechia,C,Manufacturing,2024,9.55,,5.3,,2.72,,2.61,,2.98,,1.34,,3.91,,2.34,,52506.37,1043481.0,4,4,50.31847249734303,0,No,Yes,Yes,64824.7,,51663.5,,1.2547485168445807,1.038035433857444,1.208772336587595,43437.76607944822,41.627749886627754,Yes
CZ,Czechia,F,Construction,2021,0.35,,0.07,,0.02,,0.07,,0.04,,0.0,,0.05,,0.23,,5424.31,169315.0,4,4,32.0367953223282,0,No,Yes,Yes,12174.5,,10757.5,,1.1317220543806648,1.1317220543806648,1.0,5424.31,32.0367953223282,Yes
CZ,Czechia,F,Construction,2023,1.34,,0.38,,0.0,,0.08,,0.42,,0.02,,0.0,,0.86,,7158.32,172592.0,4,4,41.4753870399555,0,No,Yes,Yes,16416.1,,10193.7,,1.610416237480012,1.1317220543806648,1.4229785760968603,5030.518463345257,29.14688087133388,Yes
CZ,Czechia,F,Construction,2024,2.35,,0.82,,0.73,,0.67,,0.28,,0.02,,1.4,,0.61,,7045.13,168737.0,4,4,41.75213497928729,0,No,Yes,Yes,16564.7,,10416.6,,1.5902213774168155,1.1317220543806648,1.4051342122930215,5013.848455446216,29.713983628049657,Yes
CZ,Czechia,G,Wholesale and retail trade; repair of motor vehicles and motorcycles,2021,4.21,,1.97,,0.64,,0.95,,0.54,,0.26,,0.96,,0.93,,17357.769999999997,455968.0,4,4,38.06795652326478,0,No,Yes,Yes,25119.7,,22908.9,,1.096503978802998,1.096503978802998,1.0,17357.769999999997,38.06795652326478,Yes
CZ,Czechia,G,Wholesale and retail trade; repair of motor vehicles and motorcycles,2023,5.16,,1.62,,0.65,,1.63,,0.57,,0.36,,1.44,,0.98,,20253.23,459215.0,4,4,44.10402534760407,0,No,Yes,Yes,30864.1,,20646.4,,1.4948901503409793,1.096503978802998,1.36332396346877,14855.772026825336,32.35036317808726,Yes
CZ,Czechia,G,Wholesale and retail trade; repair of motor vehicles and motorcycles,2024,12.72,,7.59,,3.46,,1.75,,0.64,,0.52,,9.13,,2.88,,19602.67,455969.0,4,4,42.99123405319222,0,No,Yes,Yes,29594.0,,20898.0,,1.4161163747727055,1.096503978802998,1.2914831155638973,15178.417560217913,33.28826643964374,Yes
CZ,Czechia,H,Transportation and storage,2021,3.34,,1.01,,0.39,,0.67,,0.11,,1.75,,0.39,,1.24,,7237.209999999999,226916.0,4,4,31.89378448412628,0,No,Yes,Yes,11487.5,,11255.4,,1.0206212129289052,1.0206212129289052,1.0,7237.209999999999,31.89378448412628,Yes
CZ,Czechia,H,Transportation and storage,2023,4.42,,1.8,,1.04,,1.76,,0.2,,1.14,,0.38,,1.55,,8874.75,225353.0,4,4,39.38154806015452,0,No,Yes,Yes,14853.3,,12071.6,,1.230433413963352,1.0206212129289052,1.2055730356929804,7361.437040517972,32.66624824394604,Yes
CZ,Czechia,H,Transportation and storage,2024,5.65,,2.93,,0.69,,0.9,,0.25,,1.47,,2.51,,0.86,,9204.48,223616.0,4,4,41.161991986262166,0,No,Yes,Yes,15401.2,,12643.5,,1.218112073397398,1.0206212129289052,1.1935006425172643,7712.170125511143,34.48845398142863,Yes
CZ,Czechia,I,Accommodation and food service activities,2021,0.93,,0.61,,0.51,,0.13,,0.0,,0.0,,0.71,,0.18,,852.34,79852.0,4,4,10.67399689425437,0,No,Yes,Yes,2836.0,,2571.3,,1.1029440360906932,1.1029440360906932,1.0,852.34,10.67399689425437,Yes
CZ,Czechia,I,Accommodation and food service activities,2023,2.63,,0.97,,0.23,,0.33,,0.0,,0.0,,1.65,,0.53,,2132.03,91908.0,4,4,23.19743656700178,0,No,Yes,Yes,5221.3,,2688.6,,1.9420144313025367,1.1029440360906932,1.7607551858985238,1210.8611220202158,13.174708643645989,Yes
CZ,Czechia,I,Accommodation and food service activities,2024,4.24,,1.3,,0.29,,0.79,,0.0,,0.28,,2.66,,0.8,,2252.88,97043.0,4,4,23.215275702523623,0,No,Yes,Yes,5343.4,,2540.7,,2.103121187074428,1.1029440360906932,1.9068249324134268,1181.4823488533784,12.174833309495568,Yes
CZ,Czechia,J,Information and communication,2021,21.22,,15.15,,7.94,,8.0,,5.14,,1.2,,7.99,,10.08,,8944.71,118311.0,4,4,75.60336739610011,0,No,Yes,Yes,15299.5,,14534.6,,1.0526261472623946,1.0526261472623946,1.0,8944.71,75.60336739610011,Yes
CZ,Czechia,J,Information and communication,2023,24.76,,18.53,,11.42,,7.53,,5.98,,2.36,,7.26,,12.13,,11407.25,127986.0,4,4,89.12888909724501,0,No,Yes,Yes,20220.4,,16270.3,,1.2427797889405852,1.0526261472623946,1.1806468917504382,9661.864254000198,75.49157137499569,Yes
CZ,Czechia,J,Information and communication,2024,46.49,,34.72,,24.12,,14.24,,10.37,,1.56,,22.91,,16.14,,11373.97,127219.0,4,4,89.40464867669138,0,No,Yes,Yes,20153.3,,16650.9,,1.2103429844633022,1.0526261472623946,1.1498317684878796,9891.855758132058,77.75454734066498,Yes
CZ,Czechia,L,Real estate activities,2021,4.51,,2.67,,1.75,,1.29,,0.0,,0.0,,1.64,,0.93,,1084.71,25940.0,4,4,41.81611410948342,0,No,Yes,Yes,28395.4,,24821.3,,1.1439932638499999,1.1439932638499999,1.0,1084.71,41.81611410948342,Yes
CZ,Czechia,L,Real estate activities,2023,4.92,,1.32,,0.09,,0.71,,0.0,,0.0,,0.92,,2.14,,1249.75,27495.0,4,4,45.453718857974174,0,No,Yes,Yes,35556.8,,25439.8,,1.3976839440561641,1.1439932638499999,1.221758893363054,1022.9104995993904,37.20350971447137,Yes
CZ,Czechia,L,Real estate activities,2024,13.74,,5.92,,1.57,,2.61,,0.18,,0.9,,7.36,,4.08,,1219.29,25492.0,4,4,47.83029970186725,0,No,Yes,Yes,36311.3,,25581.3,,1.4194470179388852,1.1439932638499999,1.2407826713610812,982.6781338447411,38.54849104992707,Yes
CZ,Czechia,M,"Professional, scientific and technical activities",2021,9.28,,5.59,,1.53,,2.48,,1.18,,0.7,,3.18,,5.11,,4944.56,115243.0,4,4,42.90551269925288,0,No,Yes,Yes,11688.3,,11324.9,,1.0320885835636517,1.0320885835636517,1.0,4944.56,42.90551269925288,Yes
CZ,Czechia,M,"Professional, scientific and technical activities",2023,9.42,,3.98,,1.78,,2.99,,1.29,,0.36,,2.15,,3.5,,6156.46,122205.0,4,4,50.37813510085512,0,No,Yes,Yes,15093.3,,12393.9,,1.217800692276039,1.0320885835636517,1.1799381484011289,5217.612472604848,42.69557278838712,Yes
CZ,Czechia,M,"Professional, scientific and technical activities",2024,22.09,,15.83,,6.9,,8.06,,3.72,,0.87,,10.28,,4.84,,6495.59,124710.0,4,4,52.085558495710046,0,No,Yes,Yes,15754.2,,12696.4,,1.2408399231278158,1.0320885835636517,1.2022610683700967,5402.8115613907885,43.32300185543091,Yes
CZ,Czechia,N,Administrative and support service activities,2021,3.1,,1.34,,0.49,,0.55,,0.62,,0.0,,0.88,,0.84,,4041.1,218032.0,4,4,18.534435312247744,0,No,Yes,Yes,4021.7,,3817.9,,1.053380130438199,1.053380130438199,1.0,4041.1,18.534435312247744,Yes
CZ,Czechia,N,Administrative and support service activities,2023,5.43,,3.2,,0.97,,1.21,,0.51,,0.6,,0.69,,1.86,,5317.1900000000005,230334.0,4,4,23.084694400305647,0,No,Yes,Yes,5873.7,,4320.0,,1.3596527777777778,1.053380130438199,1.290752254091001,4119.450485674012,17.884682616001168,Yes
CZ,Czechia,N,Administrative and support service activities,2024,9.45,,5.19,,2.72,,2.36,,0.35,,0.32,,4.98,,3.05,,5386.48,222360.0,4,4,24.22414103255981,0,No,Yes,Yes,6075.8,,4580.5,,1.3264490776116145,1.053380130438199,1.2592311543410457,4277.594293494699,19.237247227445128,Yes
DK,Denmark,C,Manufacturing,2021,27.28,,13.39,,5.27,,19.97,,7.48,,4.03,,2.01,,6.7,,38376.08,296070.0,4,4,129.6182659506198,0,No,Yes,Yes,43101.5,,46008.6,,0.9368139869502659,0.9368139869502659,1.0,38376.08,129.6182659506198,Yes
DK,Denmark,C,Manufacturing,2023,14.8,,7.99,,3.38,,5.91,,4.85,,2.74,,2.42,,5.22,,46701.48,314445.0,4,4,148.52034537041453,0,No,Yes,Yes,58462.9,,57953.9,,1.0087828429147996,0.9368139869502659,1.0768229947108534,43369.69049638488,137.92456708290757,Yes
DK,Denmark,C,Manufacturing,2024,21.75,,12.95,,6.22,,6.94,,4.71,,2.52,,4.9,,5.6,,57071.46000000001,321196.0,4,4,177.68421773621094,0,No,Yes,Yes,69238.3,,68376.2,,1.0126081882292377,0.9368139869502659,1.0809063510310246,52799.63425653137,164.38447009468166,Yes
DK,Denmark,F,Construction,2021,8.87,,2.94,,0.67,,6.24,,0.42,,0.74,,0.85,,1.18,,,133136.0,2,4,,0,No,No,No,16002.2,,15095.4,,1.0600712799925807,1.0600712799925807,1.0,,,No
DK,Denmark,F,Construction,2023,3.23,,1.08,,0.27,,0.67,,0.27,,0.0,,0.14,,0.92,,11076.84,138878.0,4,4,79.75950114488975,0,No,Yes,No,17018.6,,13729.7,,1.2395463848445338,1.0600712799925807,1.169304751708026,9473.013757807661,68.21104680228444,Yes
DK,Denmark,F,Construction,2024,11.7,,6.61,,3.69,,3.78,,1.41,,0.73,,3.29,,1.82,,11466.89,140459.0,4,4,81.63869883738315,0,No,Yes,No,17430.9,,13844.6,,1.2590396255579794,1.0600712799925807,1.1876933648903225,9654.756302405469,68.73718524555542,Yes
DK,Denmark,G,Wholesale and retail trade; repair of motor vehicles and motorcycles,2021,21.3,,9.48,,4.89,,15.61,,4.24,,5.97,,5.71,,5.79,,27778.73,391565.0,4,4,70.94283196914944,0,No,Yes,Yes,39647.0,,38775.5,,1.0224755322304033,1.0224755322304033,1.0,27778.73,70.94283196914944,Yes
DK,Denmark,G,Wholesale and retail trade; repair of motor vehicles and motorcycles,2023,14.17,,7.66,,4.07,,7.44,,3.24,,3.79,,4.89,,5.57,,28310.59,409799.0,4,4,69.08408756487937,0,No,Yes,Yes,41149.8,,36842.2,,1.1169202707764467,1.0224755322304033,1.0923687027894193,25916.698206116176,63.24246327130173,Yes
DK,Denmark,G,Wholesale and retail trade; repair of motor vehicles and motorcycles,2024,27.34,,18.02,,11.15,,11.69,,4.52,,3.68,,12.45,,5.31,,28082.85,410854.0,4,4,68.35238308498884,0,No,Yes,Yes,42046.6,,36790.5,,1.1428656854350987,1.0224755322304033,1.1177437986629168,25124.585825118116,61.15210226775965,Yes
DK,Denmark,H,Transportation and storage,2021,21.28,,10.26,,5.58,,15.61,,5.42,,8.99,,6.07,,7.92,,22891.82,122477.0,4,4,186.90709276027331,0,No,Yes,Yes,24410.5,,15696.6,,1.5551457003427493,1.5551457003427493,1.0,22891.82,186.90709276027331,Yes
DK,Denmark,H,Transportation and storage,2023,15.16,,6.13,,1.66,,7.89,,1.84,,4.91,,1.8,,5.34,,18688.62,136399.0,4,4,137.01434761251917,0,No,Yes,Yes,20057.5,,17080.2,,1.1743129471551854,1.5551457003427493,0.7551144223312134,24749.38823483717,181.44845808867495,Yes
DK,Denmark,H,Transportation and storage,2024,21.1,,15.83,,8.82,,11.47,,4.05,,3.96,,5.46,,5.35,,21475.31,136269.0,4,4,157.59497758110797,0,No,Yes,Yes,22255.2,,16292.5,,1.3659782108332055,1.5551457003427493,0.8783602787392513,24449.31825790716,179.41951770327194,Yes
DK,Denmark,I,Accommodation and food service activities,2021,12.21,,3.4,,1.64,,6.29,,0.79,,0.41,,4.3,,5.39,,2078.52,93378.0,4,4,22.25920452354944,0,No,Yes,Yes,3475.4,,3290.1,,1.056320476581259,1.056320476581259,1.0,2078.52,22.25920452354944,Yes
DK,Denmark,I,Accommodation and food service activities,2023,6.6,,1.68,,0.92,,3.98,,0.06,,0.0,,1.83,,1.14,,3534.98,123329.0,4,4,28.66300707862709,0,No,Yes,Yes,5431.8,,4454.3,,1.2194508677008733,1.056320476581259,1.154432669569731,3062.09282982049,24.828652059292544,Yes
DK,Denmark,I,Accommodation and food service activities,2024,10.79,,4.76,,1.94,,2.11,,1.0,,0.17,,5.45,,0.32,,3792.51,125862.0,4,4,30.132287743719303,0,No,Yes,Yes,5690.3,,4670.6,,1.2183231276495525,1.056320476581259,1.1533650579155759,3288.213019782332,26.125542417745873,Yes
DK,Denmark,J,Information and communication,2021,54.75,,38.29,,25.16,,41.19,,12.79,,4.99,,21.29,,20.15,,10687.25,101630.0,4,4,105.15841779002264,0,No,Yes,Yes,13826.5,,13819.7,,1.0004920512022693,1.0004920512022693,1.0,10687.25,105.15841779002264,Yes
DK,Denmark,J,Information and communication,2023,44.31,,31.85,,22.22,,22.52,,7.15,,3.51,,15.47,,13.6,,11986.36,108320.0,4,4,110.6569423929099,0,No,Yes,Yes,15430.4,,15433.6,,0.9997926601700187,1.0004920512022693,0.9993009529346983,11994.744891215247,110.73435091594577,Yes
DK,Denmark,J,Information and communication,2024,68.3,,53.84,,40.77,,29.06,,11.17,,3.2,,26.81,,17.68,,12296.67,105387.0,4,4,116.68108969797034,0,No,Yes,Yes,16127.7,,15928.6,,1.0124995291488266,1.0004920512022693,1.0120015725583509,12150.840802464254,115.29734030254447,Yes
DK,Denmark,L,Real estate activities,2021,19.14,,9.18,,1.7,,12.37,,2.18,,0.0,,5.88,,4.48,,2532.78,35547.0,4,4,71.25158241201788,0,No,Yes,Yes,31859.8,,32229.0,,0.9885444785751962,0.9885444785751962,1.0,2532.78,71.25158241201788,Yes
DK,Denmark,L,Real estate activities,2023,13.77,,4.94,,2.29,,6.43,,0.0,,0.0,,3.37,,3.95,,2386.38,33732.0,4,4,70.74528637495553,0,No,Yes,Yes,35227.7,,34723.8,,1.0145116605901425,0.9885444785751962,1.0262680967601712,2325.298825456594,68.93450804745031,Yes
DK,Denmark,L,Real estate activities,2024,29.41,,15.97,,7.73,,10.39,,0.33,,0.0,,4.78,,5.59,,5604.44,33961.0,4,4,165.0257648479138,0,No,Yes,Yes,36124.3,,35383.3,,1.0209420828469928,0.9885444785751962,1.0327730364935037,5426.594035634714,159.78899430625464,Yes
DK,Denmark,M,"Professional, scientific and technical activities",2021,39.22,,25.62,,14.18,,26.13,,7.38,,3.23,,7.57,,10.9,,13476.2,129472.0,4,4,104.08582550667326,0,No,Yes,Yes,21076.0,,20593.2,,1.0234446322086903,1.0234446322086903,1.0,13476.2,104.08582550667326,Yes
DK,Denmark,M,"Professional, scientific and technical activities",2023,23.58,,14.75,,8.49,,11.95,,3.81,,1.32,,3.06,,8.65,,16108.93,148801.0,4,4,108.2582106303049,0,No,Yes,Yes,21229.8,,19720.6,,1.0765291116903137,1.0234446322086903,1.051868442914261,15314.586256974586,102.91991489959467,Yes
DK,Denmark,M,"Professional, scientific and technical activities",2024,44.9,,33.4,,23.78,,18.41,,7.61,,2.33,,12.05,,12.14,,17945.739999999998,153128.0,4,4,117.19437333472648,0,No,Yes,Yes,24407.5,,21755.8,,1.1218847387823017,1.0234446322086903,1.096185082686074,16371.085762293034,106.91111855632565,Yes
DK,Denmark,N,Administrative and support service activities,2021,19.04,,9.33,,3.4,,11.81,,2.03,,0.89,,4.04,,5.04,,6460.17,130917.0,4,4,49.34553954031944,0,No,Yes,Yes,9124.4,,8989.0,,1.0150628546000666,1.0150628546000666,1.0,6460.17,49.34553954031944,Yes
DK,Denmark,N,Administrative and support service activities,2023,9.32,,4.44,,1.47,,3.8,,2.71,,0.18,,1.53,,3.13,,7104.03,136714.0,4,4,51.96271047588396,0,No,Yes,Yes,9840.2,,8822.2,,1.1153907188683094,1.0150628546000666,1.0988390657914202,6465.032251909831,47.28873598833938,Yes
DK,Denmark,N,Administrative and support service activities,2024,27.84,,20.54,,11.81,,10.41,,1.13,,0.37,,8.9,,3.58,,7332.24,136385.0,4,4,53.76133739047549,0,No,Yes,Yes,10193.5,,8906.5,,1.1445012069836635,1.0150628546000666,1.1275175737118224,6502.9939851509735,47.68115251054715,Yes
DE,Germany,C,Manufacturing,2021,9.19,,3.95,,1.71,,3.23,,2.2,,0.58,,0.77,,2.04,,686674.6499999999,7534253.0,4,4,91.1403758275704,0,No,Yes,Yes,683907.0,,697639.1,,0.9803163268801878,0.9803163268801878,1.0,686674.6499999999,91.1403758275704,Yes
DE,Germany,C,Manufacturing,2023,9.32,,4.46,,1.91,,3.7,,2.41,,0.91,,0.98,,2.41,,754827.2,7736047.0,4,4,97.57272674274084,0,No,Yes,Yes,799148.0,p,700260.3,p,1.1412156308161407,0.9803163268801878,1.1641299849080426,648404.568034235,83.81600680996834,Yes
DE,Germany,C,Manufacturing,2024,16.11,,7.43,,3.77,,4.24,,3.08,,0.99,,4.08,,3.98,,738441.8200000001,7485149.0,4,4,98.65425791791188,0,No,Yes,Yes,779505.0,p,670275.7,p,1.1629617484268042,0.9803163268801878,1.1863127406312586,622468.0851080313,83.16041338763348,Yes
DE,Germany,F,Construction,2021,8.29,,2.87,,1.6,,2.31,,0.33,,0.15,,0.13,,,,109306.66,1666492.0,4,4,65.59086992316794,1,No,Yes,Yes,162155.0,,149595.9,,1.0839535040733068,1.0839535040733068,1.0,109306.66,65.59086992316794,Yes
DE,Germany,F,Construction,2023,4.48,,1.26,,0.36,,0.78,,0.22,,0.05,,0.11,,0.41,,121155.53,1713404.0,4,4,70.71042789674823,0,No,Yes,Yes,187208.0,p,126976.2,p,1.4743550366131606,1.0839535040733068,1.3601644637641683,89074.17685704699,51.98667497977534,Yes
DE,Germany,F,Construction,2024,10.01,,4.92,,2.36,,1.18,,0.99,,0.14,,,,,,125892.97,1687900.0,4,4,74.58556194087328,2,No,Yes,Yes,193155.0,p,122133.6,p,1.5815058264064925,1.0839535040733068,1.4590162958682928,86286.19869189213,51.12044474903261,Yes
DE,Germany,G,Wholesale and retail trade; repair of motor vehicles and motorcycles,2021,7.95,,2.43,,1.32,,3.09,,0.72,,1.12,,1.47,,1.24,,361834.57,5084180.0,4,4,71.16871747263079,0,No,Yes,Yes,354424.0,,341623.4,,1.0374699157024958,1.0374699157024958,1.0,361834.57,71.16871747263079,Yes
DE,Germany,G,Wholesale and retail trade; repair of motor vehicles and motorcycles,2023,9.97,,4.2,,1.44,,3.21,,1.86,,1.34,,2.88,,2.57,,340081.75,5059848.0,4,4,67.21185102793602,0,No,Yes,Yes,409495.0,p,329387.4,p,1.243201773959781,1.0374699157024958,1.1983015171268645,283803.1539970048,56.08926473621437,Yes
DE,Germany,G,Wholesale and retail trade; repair of motor vehicles and motorcycles,2024,16.29,,8.05,,3.52,,3.06,,2.09,,1.48,,7.57,,2.65,,325519.61,5129840.0,4,4,63.45609414718588,0,No,Yes,Yes,408078.0,p,328639.6,p,1.2417188920629165,1.0374699157024958,1.1968721919248317,271975.24697812,53.01827093595902,Yes
DE,Germany,H,Transportation and storage,2021,6.14,,2.66,,0.9,,2.11,,0.39,,,,0.45,,,,124243.5,2067727.0,4,4,60.086994076103856,2,No,Yes,Yes,155157.0,,144300.5,,1.0752353595448387,1.0752353595448387,1.0,124243.5,60.086994076103856,Yes
DE,Germany,H,Transportation and storage,2023,7.05,,4.71,,0.56,,1.86,,,,,,,,,,117443.84,1836194.0,4,4,63.96047476464905,4,No,Yes,Yes,167868.0,p,156396.6,p,1.0733481418394006,1.0752353595448387,0.9982448329208249,117650.33599659511,64.0729334681385,Yes
DE,Germany,H,Transportation and storage,2024,11.48,,6.56,,3.5,,2.3,,,,1.48,,,,,,120848.82,1910379.0,4,4,63.259081051456285,3,No,Yes,Yes,178189.0,p,159020.0,p,1.1205445855867187,1.0752353595448387,1.0421388913968193,115962.29734601079,60.7011997860167,Yes
DE,Germany,I,Accommodation and food service activities,2021,3.88,,1.98,,0.34,,0.99,,,,0.1,,,,,,28745.3,1342387.0,4,4,21.41357149614828,3,No,Yes,Yes,36210.0,,34580.9,,1.0471098207391942,1.0471098207391942,1.0,28745.3,21.41357149614828,Yes
DE,Germany,I,Accommodation and food service activities,2023,5.38,,1.79,,1.26,,1.73,,0.38,,,,,,,,46090.72,1506819.0,4,4,30.588093195002187,3,No,Yes,Yes,69775.0,p,57480.7,p,1.213885704245077,1.0471098207391942,1.159272580776818,39758.31117226548,26.38559188082011,Yes
DE,Germany,I,Accommodation and food service activities,2024,8.26,,3.65,,1.31,,0.79,,,,0.05,,,,0.41,,48361.11,1747408.0,4,4,27.67591197934312,2,No,Yes,Yes,71029.0,p,56931.7,p,1.2476177595258882,1.0471098207391942,1.19148701961858,40588.86853461602,23.228043212927957,Yes
DE,Germany,J,Information and communication,2021,28.8,,17.91,,10.9,,9.81,,3.69,,2.1,,7.05,,10.61,,135390.11000000002,1296097.0,4,4,104.45985910005194,0,No,Yes,Yes,167800.0,,166981.7,,1.004900537004953,1.004900537004953,1.0,135390.11000000002,104.45985910005194,Yes
DE,Germany,J,Information and communication,2023,33.05,,23.21,,11.88,,12.05,,10.89,,1.56,,9.1,,12.98,,140794.3,1330861.0,4,4,105.79188961131176,0,No,Yes,Yes,185650.0,p,182698.9,p,1.01615280661241,1.004900537004953,1.0111973963522733,139235.2279662626,104.62041337619976,Yes
DE,Germany,J,Information and communication,2024,60.52,,47.62,,30.2,,27.09,,27.83,,0.98,,28.62,,15.68,,137852.16999999998,1316498.0,4,4,104.71126427841132,0,No,Yes,Yes,191267.0,p,186538.9,p,1.025346455886681,1.004900537004953,1.0203462115192672,135103.32908939008,102.62326952976005,Yes
DE,Germany,L,Real estate activities,2021,11.15,,3.1,,1.93,,3.38,,0.0,,0.0,,1.48,,1.87,,39148.82,266070.0,4,4,147.13729469688428,0,No,Yes,Yes,339710.0,,338136.3,,1.0046540403973192,1.0046540403973192,1.0,39148.82,147.13729469688428,Yes
DE,Germany,L,Real estate activities,2023,11.4,,4.17,,1.49,,3.31,,1.29,,,,,,,,36597.75,275135.0,4,4,133.0174278081669,3,No,Yes,Yes,374433.0,p,350496.9,p,1.0682919021537707,1.0046540403973192,1.0633430605935592,34417.631859628724,125.0936153511139,Yes
DE,Germany,L,Real estate activities,2024,20.98,,9.93,,6.33,,5.84,,,,,,,,,,39659.03,291536.0,4,4,136.03476071565777,4,No,Yes,Yes,387275.0,p,355128.0,p,1.0905222905543916,1.0046540403973192,1.0854704671501778,36536.2588851651,125.32331816710494,Yes
DE,Germany,M,"Professional, scientific and technical activities",2021,25.54,,11.93,,5.55,,8.19,,1.15,,0.09,,1.94,,3.6,,137431.16,1699182.0,4,4,80.88077675022451,0,No,Yes,Yes,238914.0,,235571.5,,1.0141888980627962,1.0141888980627962,1.0,137431.16,80.88077675022451,Yes
DE,Germany,M,"Professional, scientific and technical activities",2023,26.34,,13.15,,6.81,,8.51,,6.09,,0.79,,3.11,,4.7,,143481.3,1742649.0,4,4,82.33516904436866,0,No,Yes,Yes,267634.0,p,241140.4,p,1.1098679441520376,1.0141888980627962,1.0943404589342263,131112.12221810373,75.23725214779553,Yes
DE,Germany,M,"Professional, scientific and technical activities",2024,42.29,,23.83,,12.63,,11.67,,12.85,,0.37,,9.08,,7.31,,153080.41,1814793.0,4,4,84.35144393878531,0,No,Yes,Yes,278550.0,p,245354.8,p,1.1352946834543283,1.0141888980627962,1.1194114682411298,136750.79659539927,75.3533855350992,Yes
DE,Germany,N,Administrative and support service activities,2021,6.85,,1.69,,0.81,,1.69,,0.75,,0.09,,0.52,,,,120631.12,2788680.0,4,4,43.257426452658606,1,No,Yes,Yes,158092.0,,150708.5,,1.0489919281261508,1.0489919281261508,1.0,120631.12,43.257426452658606,Yes
DE,Germany,N,Administrative and support service activities,2023,11.02,,5.87,,3.64,,2.39,,2.23,,0.78,,,,,,131777.03,2674944.0,4,4,49.2634724315724,2,No,Yes,Yes,197545.0,p,160980.5,p,1.2271362059379862,1.0489919281261508,1.1698242598778243,112646.86031879926,42.111857414136246,Yes
DE,Germany,N,Administrative and support service activities,2024,18.91,,10.04,,5.39,,5.53,,4.08,,1.06,,,,,,141108.28,2816173.0,4,4,50.10639616245167,2,No,Yes,Yes,201597.0,p,160346.6,p,1.2572577154738547,1.0489919281261508,1.1985389799135404,117733.57593274038,41.806229920086714,Yes
EE,Estonia,C,Manufacturing,2021,2.72,,1.17,,0.3,,0.93,,1.47,,0.52,,0.57,,0.43,,3622.29,95335.0,4,4,37.99538469607175,0,No,Yes,Yes,4098.7,,3763.7,,1.089008156866913,1.089008156866913,1.0,3622.29,37.99538469607175,Yes
EE,Estonia,C,Manufacturing,2023,3.12,,0.43,,0.12,,0.75,,1.17,,0.57,,0.49,,0.72,,3801.63,92520.0,4,4,41.08981841763943,0,No,Yes,Yes,4360.2,,3227.8,,1.350827188797323,1.089008156866913,1.2404197161237671,3064.793271651512,33.12573791235962,Yes
EE,Estonia,C,Manufacturing,2024,9.77,,4.48,,1.61,,1.92,,3.37,,0.62,,4.5,,1.47,,3873.72,88961.0,4,4,43.54402490979193,0,No,Yes,Yes,4436.0,,3280.4,,1.3522741129130593,1.089008156866913,1.2417483784543588,3119.5692035625884,35.066705675100195,Yes
EE,Estonia,F,Construction,2021,0.64,,0.0,,0.0,,0.0,,0.32,,0.0,,0.0,,0.0,,901.03,25491.0,4,4,35.34698521046644,0,No,Yes,Yes,1810.2,,1733.1,,1.0444867578327852,1.0444867578327852,1.0,901.03,35.34698521046644,Yes
EE,Estonia,F,Construction,2023,3.63,,0.0,,0.0,,0.0,,0.2,,0.49,,0.0,,1.13,,1092.9,24821.0,4,4,44.031263849159984,0,No,Yes,Yes,2200.3,,1671.1,,1.316677637484292,1.0444867578327852,1.260597731479409,866.9696705842849,34.92887758689355,Yes
EE,Estonia,F,Construction,2024,8.05,,2.21,,0.69,,0.51,,1.01,,0.11,,3.0,,2.71,,1149.05,22978.0,4,4,50.006527983288365,0,No,Yes,Yes,2280.1,,1499.7,,1.5203707408148295,1.0444867578327852,1.4556151424738597,789.3913483526673,34.35422353349583,Yes
EE,Estonia,G,Wholesale and retail trade; repair of motor vehicles and motorcycles,2021,2.07,,1.07,,0.28,,0.37,,0.21,,0.59,,0.85,,0.75,,2377.19,63577.0,4,4,37.39072306022618,0,No,Yes,Yes,3455.6,,3589.7,,0.9626431178092877,0.9626431178092877,1.0,2377.19,37.39072306022618,Yes
EE,Estonia,G,Wholesale and retail trade; repair of motor vehicles and motorcycles,2023,3.47,,1.18,,0.4,,1.16,,0.4,,0.85,,1.22,,1.03,,2571.16,65488.0,4,4,39.26154409968238,0,No,Yes,Yes,3902.9,,3257.3,,1.1982009639885796,0.9626431178092877,1.244699039365032,2065.6881050632496,31.543001848632567,Yes
EE,Estonia,G,Wholesale and retail trade; repair of motor vehicles and motorcycles,2024,10.49,,5.21,,2.05,,1.9,,0.8,,1.07,,5.85,,1.96,,2498.99,63715.0,4,4,39.22137644196814,0,No,Yes,Yes,4002.8,,3302.3,,1.2121248826575417,0.9626431178092877,1.2591632976258182,1984.643298221846,31.148760860422918,Yes
EE,Estonia,H,Transportation and storage,2021,2.36,,0.18,,0.18,,0.53,,0.36,,1.51,,0.17,,0.78,,1124.69,27376.0,4,4,41.08306545879603,0,No,Yes,Yes,1781.1,,1775.3,,1.003267053455754,1.003267053455754,1.0,1124.69,41.08306545879603,Yes
EE,Estonia,H,Transportation and storage,2023,5.61,,1.27,,0.37,,1.31,,1.31,,2.17,,0.33,,1.03,,1120.81,25617.0,4,4,43.75258617324433,0,No,Yes,Yes,1811.0,,1589.3,,1.139495375322469,1.003267053455754,1.1357847059738249,986.8155418055347,38.52190115179509,Yes
EE,Estonia,H,Transportation and storage,2024,10.13,,4.1,,2.52,,0.91,,1.93,,2.63,,4.34,,2.62,,1091.13,24495.0,4,4,44.54500918554807,0,No,Yes,Yes,1749.1,,1542.6,,1.1338649034098276,1.003267053455754,1.1301725692119853,965.4543294753582,39.41434290570966,Yes
EE,Estonia,I,Accommodation and food service activities,2021,0.19,,0.0,,0.0,,0.0,,0.0,,0.0,,0.19,,0.0,,,,2,2,,0,No,No,No,347.7,,348.0,,0.9991379310344827,0.9991379310344827,1.0,,,No
EE,Estonia,I,Accommodation and food service activities,2023,1.64,,0.0,,0.0,,0.26,,0.0,,1.39,,0.26,,0.0,,383.64,17689.0,4,4,21.68805472327435,0,No,Yes,No,637.5,,503.4,,1.266388557806913,0.9991379310344827,1.2674812140259009,302.6790423042596,17.111144909506454,Yes
EE,Estonia,I,Accommodation and food service activities,2024,6.1,,2.82,,0.19,,0.72,,0.55,,0.55,,4.02,,0.55,,420.13,18477.0,4,4,22.73799859284516,0,No,Yes,No,679.1,,492.3,,1.379443428803575,0.9991379310344827,1.3806336302089277,304.3023078732501,16.46924868069763,Yes
EE,Estonia,J,Information and communication,2021,11.51,,8.38,,6.83,,1.52,,2.56,,0.63,,6.34,,2.01,,1001.24,21315.0,4,4,46.97349284541403,0,No,Yes,Yes,1885.7,,1711.4,,1.101846441509875,1.101846441509875,1.0,1001.24,46.97349284541403,Yes
EE,Estonia,J,Information and communication,2023,20.49,,12.88,,10.15,,4.69,,7.07,,0.8,,12.39,,7.77,,1757.16,23978.0,4,4,73.28217532738343,0,No,Yes,Yes,3034.1,,2249.0,,1.3490884837705646,1.101846441509875,1.22438883763321,1435.1323256071632,59.85204460785567,Yes
EE,Estonia,J,Information and communication,2024,44.28,,32.35,,26.82,,14.92,,17.46,,0.78,,27.96,,15.63,,1746.63,23295.0,4,4,74.97875080489375,0,No,Yes,Yes,3040.2,,2122.7,,1.4322325340368398,1.101846441509875,1.2998476739410552,1343.7189872443512,57.68272106651002,Yes
EE,Estonia,L,Real estate activities,2021,0.0,,0.0,,0.0,,0.0,,0.0,,0.0,,0.0,,0.0,,148.94,2759.0,4,4,53.98332729249728,0,No,Yes,Yes,3178.3,,3087.9,,1.0292755594416918,1.0292755594416918,1.0,148.94,53.98332729249728,Yes
EE,Estonia,L,Real estate activities,2023,1.66,,0.0,,0.0,,0.0,,0.0,,0.0,,0.0,,0.0,,141.95,2440.0,4,4,58.17622950819672,0,No,Yes,Yes,3560.6,,2964.1,,1.2012415235653318,1.0292755594416918,1.167074757139788,121.62888378109076,49.84790318897163,Yes
EE,Estonia,L,Real estate activities,2024,9.71,,1.11,,0.0,,4.1,,0.0,,0.0,,0.0,,0.0,,152.34,2161.0,4,4,70.49514113836187,0,No,Yes,Yes,3706.8,,3256.1,,1.13841712478118,1.0292755594416918,1.1060372650825303,137.7349613881524,63.73667810650274,Yes
EE,Estonia,M,"Professional, scientific and technical activities",2021,8.51,,2.83,,0.82,,1.88,,0.93,,0.25,,1.56,,1.31,,264.22,11067.0,4,4,23.87458209090088,0,No,Yes,No,1754.2,,1731.6,,1.0130515130515132,1.0130515130515132,1.0,264.22,23.87458209090088,Yes
EE,Estonia,M,"Professional, scientific and technical activities",2023,10.75,,3.73,,1.62,,2.28,,4.64,,0.42,,2.82,,1.77,,,,2,2,,0,No,No,No,1991.0,,1771.5,,1.1239062941010443,1.0130515130515132,1.1094265983726872,,,No
EE,Estonia,M,"Professional, scientific and technical activities",2024,36.43,,20.68,,14.01,,5.77,,8.25,,2.24,,15.93,,6.4,,,,2,2,,0,No,No,No,2161.5,,1803.8,,1.198303581328307,1.0130515130515132,1.1828653981462183,,,No
EE,Estonia,N,Administrative and support service activities,2021,2.63,,0.54,,0.28,,1.05,,0.28,,0.26,,1.82,,0.83,,591.52,25265.0,4,4,23.41262616267564,0,No,Yes,Yes,952.8,,939.4,,1.0142644241004897,1.0142644241004897,1.0,591.52,23.41262616267564,Yes
EE,Estonia,N,Administrative and support service activities,2023,7.07,,5.22,,3.65,,4.36,,0.23,,0.48,,4.98,,4.79,,764.3199999999999,26296.0,4,4,29.06601764526924,0,No,Yes,Yes,1360.9,,1163.1,,1.170062763304961,1.0142644241004897,1.1536072206640222,662.547864046875,25.19576604985074,Yes
EE,Estonia,N,Administrative and support service activities,2024,20.33,,11.23,,2.22,,6.27,,7.49,,1.53,,11.84,,6.8,,795.34,25402.0,4,4,31.310133060388942,0,No,Yes,Yes,1390.3,,1077.3,,1.2905411677341503,1.0142644241004897,1.2723912394725658,625.0750361419385,24.60731580749305,Yes
IE,Ireland,C,Manufacturing,2021,8.83,,4.31,,2.62,,5.18,,4.53,,1.56,,1.66,,2.24,,147575.53,218357.0,4,4,675.8451984594036,0,No,Yes,Yes,153880.8,,159254.8,,0.9662553342191256,0.9662553342191256,1.0,147575.53,675.8451984594036,Yes
IE,Ireland,C,Manufacturing,2023,7.18,,3.19,,2.19,,3.45,,2.85,,1.42,,2.08,,1.77,,168902.52,241363.0,4,4,699.7862969883537,0,No,Yes,Yes,156393.1,,146761.8,,1.0656253875327233,0.9662553342191256,1.1028403671312232,153152.28299029323,634.5309056909852,Yes
IE,Ireland,C,Manufacturing,2024,17.51,,8.91,,5.69,,6.84,,4.02,,3.02,,3.99,,5.59,,173905.09,247113.0,4,4,703.7472330472294,0,No,Yes,Yes,166390.1,,145310.8,,1.145063546549878,0.9662553342191256,1.1850527557245056,146748.81701252164,593.853083457858,Yes
IE,Ireland,F,Construction,2021,0.27,,0.12,,0.12,,0.12,,0.0,,0.0,,0.0,,0.16,,4139.69,71176.0,4,4,58.16131842193997,0,No,Yes,Yes,10129.7,,9274.6,,1.0921980462769285,1.0921980462769285,1.0,4139.69,58.16131842193997,Yes
IE,Ireland,F,Construction,2023,5.92,,2.25,,1.48,,4.72,,0.0,,0.0,,0.0,,2.62,,6231.92,86163.0,4,4,72.32710095980873,0,No,Yes,Yes,13563.7,,9952.9,,1.362788734941575,1.0921980462769285,1.247748738964543,4994.531194775338,57.966078186406435,Yes
IE,Ireland,F,Construction,2024,6.24,,3.46,,0.74,,2.63,,1.46,,0.69,,0.63,,2.99,,7404.26,89910.0,4,4,82.35190746301858,0,No,Yes,Yes,14312.0,,10030.2,,1.4268907898147594,1.0921980462769285,1.3064396101775932,5667.510340561006,63.03537248983435,Yes
IE,Ireland,G,Wholesale and retail trade; repair of motor vehicles and motorcycles,2021,5.12,,2.25,,1.04,,2.05,,1.09,,0.04,,2.84,,0.89,,21310.0,295888.0,4,4,72.02049424106418,0,No,Yes,Yes,28151.2,,31081.7,,0.9057162253029918,0.9057162253029918,1.0,21310.0,72.02049424106418,Yes
IE,Ireland,G,Wholesale and retail trade; repair of motor vehicles and motorcycles,2023,4.99,,2.45,,0.21,,3.77,,0.21,,0.08,,2.89,,1.62,,23257.47,325235.0,4,4,71.50973911171921,0,No,Yes,Yes,34251.3,,33776.8,,1.0140481040240639,0.9057162253029918,1.1196090736751807,20772.848797711176,63.870274717392576,Yes
IE,Ireland,G,Wholesale and retail trade; repair of motor vehicles and motorcycles,2024,11.71,,4.82,,2.27,,3.44,,2.5,,2.17,,4.75,,2.14,,24494.14,331219.0,4,4,73.95149432852584,0,No,Yes,Yes,34284.0,,33500.9,,1.0233754914047084,0.9057162253029918,1.1299074288553854,21678.00598037749,65.44916197554335,Yes
IE,Ireland,H,Transportation and storage,2021,4.98,,3.8,,0.21,,0.63,,1.26,,1.17,,1.08,,2.44,,,,2,2,,0,No,No,No,4859.2,,3758.7,,1.2927873998989012,1.2927873998989012,1.0,,,No
IE,Ireland,H,Transportation and storage,2023,6.07,,2.9,,0.52,,2.73,,1.11,,1.69,,1.54,,1.11,,5313.98,80048.0,4,4,66.38491904857085,0,No,Yes,No,9293.1,,3467.7,,2.6799031058050007,1.2927873998989012,2.072965056756103,2563.4681986948813,32.024138000885486,Yes
IE,Ireland,H,Transportation and storage,2024,7.87,,5.08,,3.8,,4.7,,3.48,,1.32,,1.6,,2.71,,7298.15,83530.0,4,4,87.37160301688016,0,No,Yes,No,9664.5,,3611.0,,2.6764054278593186,1.2927873998989012,2.0702595245503006,3525.2343551397475,42.20321267975275,Yes
IE,Ireland,I,Accommodation and food service activities,2021,4.27,,0.08,,0.08,,0.0,,0.0,,0.0,,2.51,,0.08,,3560.96,121513.0,4,4,29.30517722383613,0,No,Yes,Yes,3899.1,,2285.4,,1.7060908374901549,1.7060908374901549,1.0,3560.96,29.30517722383613,Yes
IE,Ireland,I,Accommodation and food service activities,2023,2.68,,1.18,,0.0,,0.8,,0.0,,0.0,,2.2,,0.8,,6281.38,196550.0,4,4,31.958178580513863,0,No,Yes,Yes,8240.8,,4191.1,,1.9662618405669152,1.7060908374901549,1.152495399048916,5450.243016313679,27.729549815892536,Yes
IE,Ireland,I,Accommodation and food service activities,2024,4.71,,2.45,,1.67,,2.13,,0.93,,0.06,,2.5,,0.23,,6401.389999999999,200936.0,4,4,31.85785523748855,0,No,Yes,Yes,8831.6,,4329.6,,2.0398189209164816,1.7060908374901549,1.195609797610353,5354.07957746278,26.645696029893998,Yes
IE,Ireland,J,Information and communication,2021,32.4,,21.93,,14.87,,19.39,,7.66,,0.71,,12.24,,9.67,,67074.85,111760.0,4,4,600.168664996421,0,No,Yes,Yes,79588.8,,76061.8,,1.046370188452022,1.046370188452022,1.0,67074.85,600.168664996421,Yes
IE,Ireland,J,Information and communication,2023,28.52,,17.43,,12.44,,18.91,,9.36,,1.8,,12.83,,4.7,,76621.83,122229.0,4,4,626.8711189652211,0,No,Yes,Yes,101202.1,,91960.3,,1.1004977147747452,1.046370188452022,1.051728849808688,72853.2168856428,596.0387214625237,Yes
IE,Ireland,J,Information and communication,2024,49.07,,34.26,,22.66,,23.37,,17.62,,5.45,,22.32,,12.1,,104081.85,121417.0,4,4,857.2263356861066,0,No,Yes,Yes,111214.9,,97661.3,,1.1387816873213852,1.046370188452022,1.0883162573716618,95635.6659151292,787.6628965888565,Yes
IE,Ireland,L,Real estate activities,2021,11.65,,1.21,,0.0,,1.97,,0.0,,0.0,,1.3,,0.0,,,,2,2,,0,No,No,No,22215.8,,22728.1,,0.9774596204698149,0.9774596204698149,1.0,,,No
IE,Ireland,L,Real estate activities,2023,16.74,,4.23,,2.82,,2.82,,0.0,,0.0,,3.3,,1.5,,843.75,14095.0,4,4,59.861653068464,0,No,Yes,No,27429.0,,23939.7,,1.1457537061867944,0.9774596204698149,1.1721749749990584,719.8157425265607,51.06887141018523,Yes
IE,Ireland,L,Real estate activities,2024,18.15,,9.87,,9.87,,9.02,,4.57,,0.0,,4.57,,4.57,,,16375.0,2,4,,0,No,No,No,30767.8,,25370.0,,1.2127631060307449,0.9774596204698149,1.2407296226189186,,,No
IE,Ireland,M,"Professional, scientific and technical activities",2021,13.59,,4.13,,1.59,,3.28,,2.44,,1.97,,1.51,,3.31,,15244.36,113910.0,4,4,133.8281099113335,0,No,Yes,Yes,23704.8,,23306.6,,1.017085289145564,1.017085289145564,1.0,15244.36,133.8281099113335,Yes
IE,Ireland,M,"Professional, scientific and technical activities",2023,15.77,,5.47,,3.38,,5.58,,4.37,,2.85,,2.25,,2.44,,23226.52,138043.0,4,4,168.25568844490482,0,No,Yes,Yes,31534.5,,27672.0,,1.139581526452732,1.017085289145564,1.1204385105304935,20729.847985145523,150.16949780246387,Yes
IE,Ireland,M,"Professional, scientific and technical activities",2024,27.25,,18.71,,9.81,,12.11,,5.89,,0.4,,10.27,,4.74,,24667.71,143933.0,4,4,171.3832824994963,0,No,Yes,Yes,33306.1,,28664.9,,1.1619123038977983,1.017085289145564,1.14239416919883,21592.99361384141,150.02114604601732,Yes
IE,Ireland,N,Administrative and support service activities,2021,12.22,,3.07,,1.66,,4.3,,3.25,,3.21,,2.47,,3.58,,6457.78,130931.0,4,4,49.32200930260977,0,No,Yes,Yes,20853.5,,19770.5,,1.0547785842543183,1.0547785842543183,1.0,6457.78,49.32200930260977,Yes
IE,Ireland,N,Administrative and support service activities,2023,6.59,,2.74,,0.96,,1.73,,0.55,,0.2,,2.36,,0.59,,9505.09,158128.0,4,4,60.11010067793181,0,No,Yes,Yes,27457.8,,21296.5,,1.2893104500739558,1.0547785842543183,1.2223517516573785,7776.067721187549,49.17577988204208,Yes
IE,Ireland,N,Administrative and support service activities,2024,24.8,,15.56,,10.39,,12.29,,4.97,,1.14,,11.65,,13.85,,9363.12,158348.0,4,4,59.13001742996437,0,No,Yes,Yes,29089.6,,21557.1,,1.3494208404655543,1.0547785842543183,1.2793403853753205,7318.7090058547155,46.219143947853546,Yes
EL,Greece,C,Manufacturing,2021,5.35,,0.53,,0.25,,1.01,,2.95,,0.25,,2.95,,0.81,,11980.16,256077.0,4,4,46.78342842191997,0,No,Yes,Yes,15994.5,,16014.9,,0.9987261862390648,0.9987261862390648,1.0,11980.16,46.78342842191997,Yes
EL,Greece,C,Manufacturing,2023,5.19,,1.59,,0.83,,2.68,,0.74,,0.2,,0.48,,3.28,,16072.58,280225.0,4,4,57.355981800339016,0,No,Yes,Yes,20104.7,p,18048.2,p,1.1139448809299541,0.9987261862390648,1.1153656490421784,14410.144344863362,51.42347879333879,Yes
EL,Greece,C,Manufacturing,2024,7.48,,2.14,,0.71,,1.21,,0.8,,0.35,,0.61,,3.89,,18092.47,298330.0,4,4,60.64582844501056,0,No,Yes,Yes,21462.2,p,19536.4,p,1.098574967752503,0.9987261862390648,1.0999761324867647,16448.056885650378,55.13376759176206,Yes
EL,Greece,F,Construction,2021,2.82,,1.86,,1.86,,1.86,,0.0,,0.0,,0.0,,0.96,,1687.34,65058.0,4,4,25.935934089581604,0,No,Yes,No,3025.8,,3095.0,,0.9776413570274637,0.9776413570274637,1.0,1687.34,25.935934089581604,Yes
EL,Greece,F,Construction,2023,3.4,,0.54,,0.0,,1.83,,0.0,,0.0,,0.3,,1.55,,2775.31,78564.0,4,4,35.32546713507459,0,No,Yes,No,4438.8,p,3709.9,p,1.1964742984986119,0.9776413570274637,1.2238376475157655,2267.71092197852,28.86450437832239,Yes
EL,Greece,F,Construction,2024,5.17,,1.61,,1.23,,0.38,,0.3,,0.0,,0.61,,1.36,,,,2,2,,0,No,No,No,4574.0,p,3948.1,p,1.158531952078215,0.9776413570274637,1.1850275602095561,,,No
EL,Greece,G,Wholesale and retail trade; repair of motor vehicles and motorcycles,2021,1.88,,0.3,,0.24,,1.22,,0.96,,0.44,,0.95,,0.59,,12390.53,376066.0,4,4,32.947753851717515,0,No,Yes,Yes,19137.8,,17610.8,,1.086708156358598,1.086708156358598,1.0,12390.53,32.947753851717515,Yes
EL,Greece,G,Wholesale and retail trade; repair of motor vehicles and motorcycles,2023,4.34,,1.63,,0.76,,2.11,,0.56,,0.3,,0.85,,2.37,,15635.71,414171.0,4,4,37.75182231493755,0,No,Yes,Yes,21785.5,p,17354.6,p,1.255315593560209,1.086708156358598,1.1551542943844186,13535.603058405513,32.681194623490086,Yes
EL,Greece,G,Wholesale and retail trade; repair of motor vehicles and motorcycles,2024,10.45,,4.28,,3.26,,3.11,,0.47,,0.24,,2.21,,4.08,,16997.52,430876.0,4,4,39.44875091673707,0,No,Yes,Yes,22369.1,p,17597.3,p,1.2711665994215022,1.086708156358598,1.1697405526806735,14531.017122597903,33.724359496926965,Yes
EL,Greece,H,Transportation and storage,2021,5.43,,0.41,,0.06,,2.64,,0.23,,2.15,,0.23,,4.96,,4217.860000000001,81198.0,4,4,51.9453681125151,0,No,Yes,Yes,9966.8,,10253.1,,0.9720767377671142,0.9720767377671142,1.0,4217.860000000001,51.9453681125151,Yes
EL,Greece,H,Transportation and storage,2023,5.91,,2.03,,1.31,,3.49,,1.76,,0.54,,0.61,,3.41,,5702.110000000001,97847.0,4,4,58.27577748934562,0,No,Yes,Yes,13050.5,p,11075.1,p,1.1783640779767226,0.9720767377671142,1.2122130200167693,4703.884470669288,48.073875240623515,Yes
EL,Greece,H,Transportation and storage,2024,11.64,,4.35,,3.06,,2.52,,0.27,,0.27,,0.89,,6.1,,6352.12,106123.0,4,4,59.85620459278385,0,No,Yes,Yes,13106.1,p,11165.9,p,1.1737611836036506,0.9720767377671142,1.2074779058079415,5260.651122017593,49.57126279899355,Yes
EL,Greece,I,Accommodation and food service activities,2021,0.12,,0.05,,0.03,,0.04,,0.05,,0.01,,0.05,,0.05,,4072.62,401769.0,4,4,10.136720354233402,0,No,Yes,Yes,8449.1,,8676.5,,0.9737912752838126,0.9737912752838126,1.0,4072.62,10.136720354233402,Yes
EL,Greece,I,Accommodation and food service activities,2023,1.33,,0.46,,0.15,,0.62,,0.3,,0.15,,0.58,,0.86,,7405.45,493927.0,4,4,14.9930050392062,0,No,Yes,Yes,13737.1,p,11727.7,p,1.1713379435012832,0.9737912752838126,1.2028634608169964,6156.517544368791,12.464428031609511,Yes
EL,Greece,I,Accommodation and food service activities,2024,6.24,,2.13,,2.05,,2.81,,0.0,,0.0,,0.54,,3.73,,8410.84,506767.0,4,4,16.59705545151914,0,No,Yes,Yes,15068.2,p,11762.6,p,1.2810263037083638,0.9737912752838126,1.3155039855281176,6393.625631338102,12.616499557662795,Yes
EL,Greece,J,Information and communication,2021,11.16,,7.47,,3.82,,4.31,,3.15,,0.33,,3.15,,4.41,,4743.73,67926.0,4,4,69.83673409298355,0,No,Yes,Yes,6142.1,,6208.9,,0.9892412504630451,0.9892412504630451,1.0,4743.73,69.83673409298355,Yes
EL,Greece,J,Information and communication,2023,17.5,,11.14,,7.47,,7.02,,3.33,,0.4,,3.72,,4.91,,5430.26,77513.0,4,4,70.05611961864462,0,No,Yes,Yes,6953.8,p,7284.2,p,0.9546415529502211,0.9892412504630451,0.9650240045119141,5627.072461007325,72.59520933272258,Yes
EL,Greece,J,Information and communication,2024,25.63,,18.89,,14.44,,12.84,,5.89,,0.72,,7.48,,10.68,,5895.27,80761.0,4,4,72.99649583338493,0,No,Yes,Yes,7507.8,p,7874.0,p,0.953492506985014,0.9892412504630451,0.9638624617995885,6116.297950843714,75.73331126216507,Yes
EL,Greece,L,Real estate activities,2021,0.82,,0.0,,0.0,,0.0,,0.0,,0.0,,0.0,,0.82,,,,2,2,,0,No,No,No,28546.0,,28535.7,,1.0003609513696878,1.0003609513696878,1.0,,,No
EL,Greece,L,Real estate activities,2023,8.08,,7.06,,7.06,,0.0,,0.0,,0.0,,7.06,,0.64,,,,2,2,,0,No,No,No,32241.4,p,30510.5,p,1.0567312892282985,1.0003609513696878,1.0563499982495606,,,No
EL,Greece,L,Real estate activities,2024,9.3,,2.13,,2.13,,0.0,,0.0,,0.0,,1.06,,8.24,,1043.28,13509.0,4,4,77.22851432378414,0,No,Yes,No,32520.0,p,29263.2,p,1.111293365045518,1.0003609513696878,1.1108923869168845,939.1368707597928,69.51934789842274,Yes
EL,Greece,M,"Professional, scientific and technical activities",2021,9.2,,3.81,,3.42,,3.88,,4.2,,0.08,,3.61,,2.61,,2383.79,69649.0,4,4,34.22576059957788,0,No,Yes,Yes,6570.8,,6586.6,,0.9976011902954484,0.9976011902954484,1.0,2383.79,34.22576059957788,Yes
EL,Greece,M,"Professional, scientific and technical activities",2023,8.67,,4.33,,2.37,,3.6,,1.69,,0.0,,1.91,,3.72,,3835.27,86535.0,4,4,44.32044837349049,0,No,Yes,Yes,8133.7,p,8007.1,p,1.0158109677661076,0.9976011902954484,1.0182535642978396,3766.517628293007,43.52594474250889,Yes
EL,Greece,M,"Professional, scientific and technical activities",2024,21.02,,14.29,,7.75,,9.71,,5.62,,0.71,,2.83,,9.69,,4327.29,94990.0,4,4,45.55521633856196,0,No,Yes,Yes,8774.7,p,7332.1,p,1.1967512718048037,0.9976011902954484,1.1996289533800328,3607.190363159857,37.97442218296513,Yes
EL,Greece,N,Administrative and support service activities,2021,1.84,,0.43,,0.23,,0.19,,0.1,,0.0,,0.1,,0.96,,2237.33,109795.0,4,4,20.377339587412905,0,No,Yes,Yes,2931.5,,2857.8,,1.0257890685142417,1.0257890685142417,1.0,2237.33,20.377339587412905,Yes
EL,Greece,N,Administrative and support service activities,2023,4.69,,1.55,,0.89,,2.61,,0.07,,0.0,,0.7,,2.73,,3307.6,131879.0,4,4,25.080566276662697,0,No,Yes,Yes,4500.1,p,3803.0,p,1.1833026557980542,1.0257890685142417,1.1535535834008799,2867.3137057479466,21.742003698450446,Yes
EL,Greece,N,Administrative and support service activities,2024,14.4,,5.6,,0.94,,1.98,,0.36,,2.07,,6.69,,7.0,,3781.89,146741.0,4,4,25.772551638601342,0,No,Yes,Yes,5242.9,p,4252.7,p,1.2328403132127825,1.0257890685142417,1.2018458287905476,3146.7347220448614,21.444141187840216,Yes
ES,Spain,C,Manufacturing,2021,7.42,,3.41,,1.48,,3.02,,3.06,,1.1,,0.68,,1.8,,123129.48,1773449.0,4,4,69.42938872220176,0,No,Yes,Yes,139066.0,,139604.0,,0.9961462422280164,0.9961462422280164,1.0,123129.48,69.42938872220176,Yes
ES,Spain,C,Manufacturing,2023,8.68,,4.4,,2.09,,3.6,,3.57,,1.2,,1.15,,2.28,,140914.57,1841240.0,4,4,76.53242923247377,0,No,Yes,Yes,164020.0,p,149643.0,p,1.0960753259424096,0.9961462422280164,1.1003156760305477,128067.40199172427,69.55497490371938,Yes
ES,Spain,C,Manufacturing,2024,9.81,,4.61,,2.18,,3.57,,3.12,,1.33,,1.99,,2.61,,149917.78000000003,1877601.0,4,4,79.84538781136143,0,No,Yes,Yes,172896.0,p,153558.0,p,1.1259328722697612,0.9961462422280164,1.1302887312524108,132636.71118253507,70.64158529023743,Yes
ES,Spain,F,Construction,2021,3.77,,1.06,,0.52,,0.86,,0.18,,0.17,,0.48,,0.43,,30681.2,657780.0,4,4,46.643558636626224,0,No,Yes,Yes,65544.0,,63050.0,,1.0395559080095162,1.0395559080095162,1.0,30681.2,46.643558636626224,Yes
ES,Spain,F,Construction,2023,4.63,,2.27,,0.94,,1.32,,1.29,,0.45,,0.66,,1.2,,32800.89,640042.0,4,4,51.24802747319707,0,No,Yes,Yes,78819.0,p,69412.0,p,1.1355241168674004,1.0395559080095162,1.0923165441305016,30028.74045646717,46.916828046389405,Yes
ES,Spain,F,Construction,2024,4.43,,1.91,,0.87,,1.31,,0.98,,0.12,,0.69,,0.53,,39856.31,734632.0,4,4,54.25343573380958,0,No,Yes,Yes,82843.0,p,72721.0,p,1.1391895050948144,1.0395559080095162,1.0958424614949964,36370.47422457628,49.50842629313219,Yes
ES,Spain,G,Wholesale and retail trade; repair of motor vehicles and motorcycles,2021,5.99,,2.48,,1.37,,2.68,,0.92,,0.91,,1.63,,1.03,,92185.98,1853288.0,4,4,49.74185339785291,0,No,Yes,Yes,154401.0,,144760.0,,1.06659988947223,1.06659988947223,1.0,92185.98,49.74185339785291,Yes
ES,Spain,G,Wholesale and retail trade; repair of motor vehicles and motorcycles,2023,6.79,,3.07,,1.48,,2.16,,1.63,,1.17,,2.27,,1.92,,108845.39,1955204.0,4,4,55.66958230445519,0,No,Yes,Yes,179114.0,p,152098.0,p,1.1776223224499993,1.06659988947223,1.1040900473304052,98583.79781900832,50.42123370196068,Yes
ES,Spain,G,Wholesale and retail trade; repair of motor vehicles and motorcycles,2024,9.58,,5.16,,2.49,,3.17,,1.54,,1.03,,3.39,,2.02,,118925.49,2049907.0,4,4,58.01506604933784,0,No,Yes,Yes,186523.0,p,156158.0,p,1.1944504924499546,1.06659988947223,1.1198674444275323,106196.04185457308,51.80529743767549,Yes
ES,Spain,H,Transportation and storage,2021,9.02,,3.63,,1.23,,2.08,,0.8,,1.96,,1.71,,1.46,,33137.48,608889.0,4,4,54.422858681960086,0,No,Yes,Yes,43806.0,,46403.0,,0.9440337909186906,0.9440337909186906,1.0,33137.48,54.422858681960086,Yes
ES,Spain,H,Transportation and storage,2023,7.04,,3.38,,1.92,,2.08,,1.26,,1.44,,0.79,,2.6,,45711.97,673995.0,4,4,67.8224170802454,0,No,Yes,Yes,59056.0,p,56252.0,p,1.0498471165469672,0.9440337909186906,1.1120863751342036,41104.69386380496,60.986645099451714,Yes
ES,Spain,H,Transportation and storage,2024,8.59,,5.17,,1.98,,2.76,,1.24,,1.04,,1.64,,1.54,,50761.2,706287.0,4,4,71.87050023573987,0,No,Yes,Yes,65272.0,p,59635.0,p,1.0945250272490987,0.9440337909186906,1.1594129762918306,43781.81117340119,61.98869747482425,Yes
ES,Spain,I,Accommodation and food service activities,2021,3.57,,1.43,,0.19,,1.17,,0.85,,0.31,,1.61,,1.11,,18196.13,767425.0,4,4,23.710629703228328,0,No,Yes,Yes,50201.0,,50698.0,,0.9901968519468224,0.9901968519468224,1.0,18196.13,23.710629703228328,Yes
ES,Spain,I,Accommodation and food service activities,2023,6.38,,1.44,,0.71,,1.76,,1.31,,0.25,,3.23,,0.51,,34469.66,1000432.0,4,4,34.45477553696803,0,No,Yes,Yes,86074.0,p,81782.0,p,1.0524809860360471,0.9901968519468224,1.0629007595477284,32429.80089191683,32.41579726749727,Yes
ES,Spain,I,Accommodation and food service activities,2024,3.52,,2.12,,0.78,,0.96,,0.48,,0.08,,1.32,,0.7,,39787.69,1072278.0,4,4,37.105759886895,0,No,Yes,Yes,97783.0,p,88314.0,p,1.10721969336685,0.9901968519468224,1.1181813910940532,35582.50058254936,33.184025581565,Yes
ES,Spain,J,Information and communication,2021,26.65,,19.16,,13.21,,13.89,,8.31,,2.49,,10.43,,8.14,,35942.42,457843.0,4,4,78.50381025810158,0,No,Yes,Yes,43558.0,,43876.0,,0.9927523019418361,0.9927523019418361,1.0,35942.42,78.50381025810158,Yes
ES,Spain,J,Information and communication,2023,32.43,,22.78,,13.82,,13.29,,9.73,,3.12,,10.13,,7.98,,46862.99,555997.0,4,4,84.28640802018715,0,No,Yes,Yes,55845.0,p,53922.0,p,1.0356626237899187,0.9927523019418361,1.0432235934020495,44921.328750987515,80.79419268626901,Yes
ES,Spain,J,Information and communication,2024,46.57,,31.24,,21.17,,24.2,,17.27,,2.81,,20.25,,13.18,,50915.54,586462.0,4,4,86.8181399647377,0,No,Yes,Yes,58830.0,p,55581.0,p,1.0584552275058023,0.9927523019418361,1.0661825970440466,47754.990694053275,81.42895992247286,Yes
ES,Spain,L,Real estate activities,2021,12.87,,4.33,,3.59,,2.22,,2.63,,0.0,,1.43,,4.14,,4900.219999999999,40869.0,4,4,119.90065820059212,0,No,Yes,Yes,138045.0,,138473.0,,0.9969091447430185,0.9969091447430185,1.0,4900.219999999999,119.90065820059212,Yes
ES,Spain,L,Real estate activities,2023,9.35,,2.45,,0.87,,2.11,,0.37,,0.19,,3.13,,1.05,,5405.63,46189.0,4,4,117.03284331767304,0,No,Yes,Yes,159783.0,p,149976.0,p,1.0653904624739958,0.9969091447430185,1.0686936398287632,5058.166155893044,109.51018978313112,Yes
ES,Spain,L,Real estate activities,2024,11.67,,4.81,,3.82,,4.01,,0.77,,0.0,,2.87,,3.29,,5964.81,49028.0,4,4,121.66129558619562,0,No,Yes,Yes,167217.0,p,155675.0,p,1.0741416412397624,0.9969091447430185,1.0774719510840205,5535.930651372352,112.91365447035062,Yes
ES,Spain,M,"Professional, scientific and technical activities",2021,13.72,,7.66,,4.18,,5.93,,3.6,,0.57,,2.37,,3.23,,31451.12,521574.0,4,4,60.30039840942992,0,No,Yes,Yes,59000.0,,60470.0,,0.9756904250041343,0.9756904250041343,1.0,31451.12,60.30039840942992,Yes
ES,Spain,M,"Professional, scientific and technical activities",2023,16.14,,10.5,,5.84,,6.82,,3.87,,1.38,,3.26,,4.21,,38482.28,592706.0,4,4,64.92642220595033,0,No,Yes,Yes,71935.0,p,68855.0,p,1.0447316825212403,0.9756904250041343,1.0707614380010069,35939.172475096,60.63574938518591,Yes
ES,Spain,M,"Professional, scientific and technical activities",2024,26.07,,17.63,,10.85,,11.13,,7.02,,1.18,,5.04,,5.45,,43850.62,633544.0,4,4,69.21479802507797,0,No,Yes,Yes,74860.0,p,71335.0,p,1.0494147333006238,0.9756904250041343,1.0755611681811648,40769.99179335742,64.35226565693529,Yes
ES,Spain,N,Administrative and support service activities,2021,7.77,,3.61,,2.07,,2.37,,1.26,,0.23,,1.57,,0.9,,35624.03,1312674.0,4,4,27.138520302832237,0,No,Yes,Yes,42823.0,,43135.0,,0.9927668946331285,0.9927668946331285,1.0,35624.03,27.138520302832237,Yes
ES,Spain,N,Administrative and support service activities,2023,8.97,,3.85,,2.5,,3.19,,2.97,,0.4,,2.56,,3.19,,42835.41,1376876.0,4,4,31.110579311426736,0,No,Yes,Yes,52984.0,p,50538.0,p,1.0483992243460367,0.9927668946331285,1.0560376559831468,40562.388810010016,29.459725356539018,Yes
ES,Spain,N,Administrative and support service activities,2024,8.82,,5.13,,2.42,,2.97,,2.81,,1.23,,3.39,,2.29,,46319.05,1399875.0,4,4,33.087989999107066,0,No,Yes,Yes,56843.0,p,53170.0,p,1.0690803084446117,0.9927668946331285,1.0768694184143643,43012.68956843668,30.726093092909494,Yes
FR,France,C,Manufacturing,2021,5.33,,2.19,,0.84,,2.1,,1.56,,0.85,,0.35,,1.2,,240848.42,2779294.0,4,4,86.6581297264701,0,No,Yes,Yes,228132.6,,232844.8,,0.9797624855697873,0.9797624855697873,1.0,240848.42,86.6581297264701,Yes
FR,France,C,Manufacturing,2023,4.87,b,2.09,b,1.05,b,1.63,b,1.82,b,0.28,b,0.6,b,1.34,b,276094.51,2883303.0,4,4,95.75632876600204,0,Yes,Yes,Yes,287169.2,,239888.8,,1.19709298641704,0.9797624855697873,1.2218195777529315,225969.95090532923,78.37190572941144,Yes
FR,France,C,Manufacturing,2024,7.43,,3.53,,1.98,,2.7,,2.51,,,,1.97,,1.8,,281456.58,2900219.0,4,4,97.04666440706715,1,No,Yes,Yes,298287.7,p,250158.6,p,1.1923943450275145,0.9797624855697873,1.2170238834303497,231266.27491210427,79.74096953095756,Yes
FR,France,F,Construction,2021,4.09,,1.43,,0.55,,0.95,,0.31,,0.08,,0.09,,0.54,,,,2,2,,0,No,No,No,125991.1,,122587.4,,1.0277654962908098,1.0277654962908098,1.0,,,No
FR,France,F,Construction,2023,2.09,b,0.72,b,0.42,b,0.61,b,0.11,b,0.01,b,,,,,83546.35,1174357.0,4,4,71.1422080338432,2,Yes,Yes,No,142708.5,,123077.4,,1.159502069429481,1.0277654962908098,1.1281776568819508,74054.24978092972,63.05940168188184,Yes
FR,France,F,Construction,2024,3.14,,0.66,,0.64,,0.06,,0.06,,0.02,,0.04,,,,87551.2,1203868.0,4,4,72.72491668521798,1,No,Yes,No,145655.7,p,123132.7,p,1.1829164795379294,1.0277654962908098,1.150959517328668,76068.00993592104,63.18633765157063,Yes
FR,France,G,Wholesale and retail trade; repair of motor vehicles and motorcycles,2021,4.71,,1.33,,0.64,,1.1,,,,,,1.9,,0.72,,177000.34999999998,2615543.0,4,4,67.67250624440125,2,No,Yes,Yes,227549.8,,220718.4,,1.0309507499148236,1.0309507499148236,1.0,177000.34999999998,67.67250624440125,Yes
FR,France,G,Wholesale and retail trade; repair of motor vehicles and motorcycles,2023,4.07,b,1.85,b,0.85,b,1.23,b,0.34,b,0.33,b,,,0.67,b,193437.8,2691896.0,4,4,71.85931402996252,1,Yes,Yes,Yes,249764.5,,215488.1,,1.1590640039983646,1.0309507499148236,1.1242670943244628,172056.80124991183,63.91658565186465,Yes
FR,France,G,Wholesale and retail trade; repair of motor vehicles and motorcycles,2024,9.77,,4.84,,1.88,,2.98,,,,,,,,,,197307.55,2751579.0,4,4,71.70702712878678,4,No,Yes,Yes,251366.4,p,217004.6,p,1.1583459521134574,1.0309507499148236,1.1235705994773844,175607.6121000098,63.820668823250145,Yes
FR,France,H,Transportation and storage,2021,4.24,,1.52,,0.95,,0.84,,0.14,,0.32,,0.33,,1.09,,87991.42,1251853.0,4,4,70.28893967582455,0,No,Yes,Yes,109418.9,,97103.5,,1.1268275602836149,1.1268275602836149,1.0,87991.42,70.28893967582455,Yes
FR,France,H,Transportation and storage,2023,2.35,b,1.23,b,0.31,b,0.81,b,,,,,0.19,b,,,93236.14,1308579.0,4,4,71.24991307364706,3,Yes,Yes,Yes,116983.1,,110831.4,,1.0555050283583896,1.1268275602836149,0.9367050164203705,99536.287695248,76.06440856474696,Yes
FR,France,H,Transportation and storage,2024,5.28,,1.2,,1.06,,1.73,,,,,,,,,,99407.61,1311150.0,4,4,75.8171147465965,4,No,Yes,Yes,123823.2,p,110678.5,p,1.118764710399942,1.1268275602836149,0.9928446461838017,100124.03288076655,76.36352277067198,Yes
FR,France,I,Accommodation and food service activities,2021,2.47,,0.98,,0.38,,0.57,,0.27,,0.16,,0.94,,0.2,,21926.87,694713.0,4,4,31.562486955044744,0,No,Yes,Yes,32353.9,,32523.0,,0.994800602650432,0.994800602650432,1.0,21926.87,31.562486955044744,Yes
FR,France,I,Accommodation and food service activities,2023,2.47,b,0.95,b,,,0.62,b,,,0.0,b,,,,,36361.82,836716.0,4,4,43.45778017869863,4,Yes,Yes,Yes,61442.1,,61854.4,,0.9933343464652473,0.994800602650432,0.9985260803207415,36415.49351251801,43.521928004864264,Yes
FR,France,I,Accommodation and food service activities,2024,5.09,,2.56,,0.83,,1.38,,,,,,,,,,38353.27,831383.0,4,4,46.13189107787868,4,No,Yes,Yes,68720.8,p,66272.8,p,1.0369382310691566,0.994800602650432,1.0423578637834134,36794.7240890862,44.2572485714601,Yes
FR,France,J,Information and communication,2021,23.55,,15.87,,8.61,,11.59,,2.48,,0.53,,4.66,,7.14,,92415.83,835202.0,4,4,110.6508724835429,0,No,Yes,Yes,124843.4,,126648.4,,0.9857479447036046,0.9857479447036046,1.0,92415.83,110.6508724835429,Yes
FR,France,J,Information and communication,2023,29.56,b,19.75,b,13.21,b,12.49,b,5.94,b,0.65,b,7.06,b,6.08,b,103980.85,911406.0,4,4,114.0883974869597,0,Yes,Yes,Yes,138234.7,,144219.8,,0.9585001504647769,0.9857479447036046,0.9723582540696845,106936.76899928715,117.33164912156288,Yes
FR,France,J,Information and communication,2024,41.76,,29.32,,19.99,,16.31,,14.8,,,,13.58,,9.36,,106412.38,885560.0,4,4,120.1639414607706,1,No,Yes,Yes,144044.4,p,147433.2,p,0.9770146751206648,0.9857479447036046,0.9911404638174866,107363.5714459089,121.23805439033934,Yes
FR,France,L,Real estate activities,2021,3.92,,0.14,,0.14,,1.14,,0.0,,0.0,,0.95,,2.14,,26975.56,228359.0,4,4,118.1278600799618,0,No,Yes,No,310139.4,,309241.5,,1.0029035559586925,1.0029035559586925,1.0,26975.56,118.1278600799618,Yes
FR,France,L,Real estate activities,2023,7.02,b,,,1.37,b,1.72,b,,,,,0.33,b,,,24369.370000000003,,4,2,,4,Yes,No,No,372697.4,,319318.3,,1.1671658028994893,1.0029035559586925,1.1637866831410082,20939.722333158308,,No
FR,France,L,Real estate activities,2024,14.3,,8.85,,4.09,,4.42,,,,,,,,,,27497.69,,4,2,,4,No,No,No,380347.3,p,318979.1,p,1.192389407331076,1.0029035559586925,1.1889372614610492,23127.95711878768,,No
FR,France,M,"Professional, scientific and technical activities",2021,15.23,,5.83,,2.76,,4.7,,1.9,,0.49,,2.21,,2.5,,67568.77,810854.0,4,4,83.33037760188641,0,No,Yes,Yes,192205.5,,191224.8,,1.0051285188950387,1.0051285188950387,1.0,67568.77,83.33037760188641,Yes
FR,France,M,"Professional, scientific and technical activities",2023,13.75,b,6.92,b,3.52,b,5.73,b,,,0.24,b,1.36,b,2.96,b,75578.99,916363.0,4,4,82.47712969641944,1,Yes,Yes,Yes,210556.8,,198222.3,,1.0622255921760568,1.0051285188950387,1.0568057439498246,71516.44512975733,78.04379392201271,Yes
FR,France,M,"Professional, scientific and technical activities",2024,17.47,,9.62,,5.51,,7.17,,,,0.15,,2.7,,,,80488.57,940727.0,4,4,85.5599658561942,2,No,Yes,Yes,219963.3,p,204043.9,p,1.0780194850225857,1.0051285188950387,1.072519050805242,75046.28466932087,79.7747749020926,Yes
FR,France,N,Administrative and support service activities,2021,7.28,,1.84,,0.66,,1.69,,1.4,,0.47,,1.15,,2.0,,77641.22,1881574.0,4,4,41.2639736731056,0,No,Yes,Yes,127420.8,,126828.1,,1.004673254586326,1.004673254586326,1.0,77641.22,41.2639736731056,Yes
FR,France,N,Administrative and support service activities,2023,5.6,b,1.12,b,0.37,b,0.54,b,0.3,b,0.02,b,0.53,b,,,88343.18,1950609.0,4,4,45.29005044065725,1,Yes,Yes,Yes,149283.1,,134169.3,,1.1126472300295225,1.004673254586326,1.10747173267557,79770.14436889453,40.89499452165684,Yes
FR,France,N,Administrative and support service activities,2024,11.25,,6.47,,2.67,,3.05,,,,,,,,,,92171.28,1952404.0,4,4,47.20912270206371,4,No,Yes,Yes,158894.5,p,138468.1,p,1.1475170093328355,1.004673254586326,1.1421793146124164,80697.73180166296,41.332496656257085,Yes
HR,Croatia,C,Manufacturing,2021,8.29,,2.15,,0.27,,4.88,,2.3,,0.62,,0.48,,0.68,,6340.81,225802.0,4,4,28.08128360244816,0,No,Yes,Yes,6807.1,,6803.4,,1.0005438457241969,1.0005438457241969,1.0,6340.81,28.08128360244816,Yes
HR,Croatia,C,Manufacturing,2023,6.7,,1.95,,0.9,,1.94,,1.35,,0.2,,1.06,,0.67,,7969.91,229584.0,4,4,34.71457070179107,0,No,Yes,Yes,9680.3,,7202.9,,1.3439448000111065,1.0005438457241969,1.3432142986581013,5933.461256302962,25.84440229416232,Yes
HR,Croatia,C,Manufacturing,2024,9.71,,5.4,,3.85,,3.88,,2.05,,0.7,,1.91,,1.26,,8631.84,231104.0,4,4,37.35045693713653,0,No,Yes,Yes,9000.9,p,7003.8,p,1.2851452068876894,1.0005438457241969,1.2844466660603935,6720.279033831163,29.079025174082506,Yes
HR,Croatia,F,Construction,2021,4.85,,4.41,,3.49,,0.93,,0.85,,,,0.85,,0.85,,1829.62,79868.0,4,4,22.90804827966144,1,No,Yes,Yes,2901.7,,2946.5,,0.9847955201086034,0.9847955201086034,1.0,1829.62,22.90804827966144,Yes
HR,Croatia,F,Construction,2023,3.06,,1.8,,1.09,,,,,,0.23,,0.0,,,,2907.25,88583.0,4,4,32.81950261336825,3,No,Yes,Yes,4857.6,,3645.0,,1.3326748971193416,0.9847955201086034,1.3532503650832755,2148.3459934785205,24.252350828923387,Yes
HR,Croatia,F,Construction,2024,4.39,,1.38,,1.22,,0.3,,0.0,,0.0,,0.96,,0.26,,3144.72,94909.0,4,4,33.13405472610606,0,No,Yes,Yes,5452.7,p,4196.1,p,1.2994685541336002,0.9847955201086034,1.3195313418873946,2383.2097807559026,25.11047193370389,Yes
HR,Croatia,G,Wholesale and retail trade; repair of motor vehicles and motorcycles,2021,8.51,,2.07,,0.6,,1.59,,1.02,,0.7,,2.22,,2.29,,4858.81,172226.0,4,4,28.21182632122908,0,No,Yes,Yes,5743.0,,5871.3,,0.9781479399792209,0.9781479399792209,1.0,4858.81,28.21182632122908,Yes
HR,Croatia,G,Wholesale and retail trade; repair of motor vehicles and motorcycles,2023,5.37,,2.46,,1.04,,2.07,,0.18,,0.64,,1.17,,0.54,,6514.889999999999,186298.0,4,4,34.97026269739879,0,No,Yes,Yes,8322.9,,6526.5,,1.2752470696391633,0.9781479399792209,1.3037363956072472,4997.091453418795,26.823108425312103,Yes
HR,Croatia,G,Wholesale and retail trade; repair of motor vehicles and motorcycles,2024,10.17,,5.26,,2.21,,2.37,,0.51,,0.43,,2.83,,1.19,,7325.809999999999,192027.0,4,4,38.14989558759966,0,No,Yes,Yes,8999.3,p,6989.0,p,1.2876377164115036,0.9781479399792209,1.3164038524058612,5565.017138632145,28.98038889652052,Yes
HR,Croatia,H,Transportation and storage,2021,7.52,,2.93,,2.5,,1.25,,2.3,,,,2.93,,3.36,,1522.24,50400.0,4,4,30.2031746031746,1,No,Yes,Yes,2533.9,,2470.7,,1.0255797951997412,1.0255797951997412,1.0,1522.24,30.2031746031746,Yes
HR,Croatia,H,Transportation and storage,2023,7.58,,4.76,,1.65,,2.31,,0.0,,1.48,,,,1.48,,2208.25,54221.0,4,4,40.726840154183805,1,No,Yes,Yes,3599.2,,2943.1,,1.22292820495396,1.0255797951997412,1.1924261872922168,1851.8965983249113,34.154600585103765,Yes
HR,Croatia,H,Transportation and storage,2024,7.83,,4.25,,2.82,,2.2,,0.0,,,,1.65,,0.55,,2340.8,57150.0,4,4,40.9588801399825,1,No,Yes,Yes,3302.5,p,3024.2,p,1.0920243370147478,1.0255797951997412,1.06478729605049,2198.3733358601266,38.4667250369226,Yes
HR,Croatia,I,Accommodation and food service activities,2021,7.38,,2.41,,1.38,,0.44,,,,0.0,,0.79,,,,1359.67,54987.0,4,4,24.72711731863895,2,No,Yes,Yes,2435.2,,2331.8,,1.0443434256797322,1.0443434256797322,1.0,1359.67,24.72711731863895,Yes
HR,Croatia,I,Accommodation and food service activities,2023,5.8,,1.23,,,,1.12,,1.06,,1.13,,1.36,,,,2436.86,71188.0,4,4,34.231331123223015,2,No,Yes,Yes,4565.9,,3314.3,,1.377636303291796,1.0443434256797322,1.319141069323181,1847.3081133394573,25.949712217500945,Yes
HR,Croatia,I,Accommodation and food service activities,2024,6.38,,2.79,,2.5,,1.06,,0.0,,0.0,,1.44,,0.46,,2822.52,75779.0,4,4,37.24673062457937,0,No,Yes,Yes,5287.7,p,3522.4,p,1.5011639791051554,1.0443434256797322,1.437423688599459,1963.5964137686485,25.912144707222957,Yes
HR,Croatia,J,Information and communication,2021,25.8,,15.44,,10.44,,12.17,,2.06,,,,3.71,,12.06,,2158.88,39101.0,4,4,55.21291015575049,1,No,Yes,Yes,2825.6,,2661.9,,1.0614974266501371,1.0614974266501371,1.0,2158.88,55.21291015575049,Yes
HR,Croatia,J,Information and communication,2023,40.01,,24.39,,11.76,,10.67,,5.45,,5.88,,14.16,,,,2737.07,46203.0,4,4,59.2400926346774,1,No,Yes,Yes,3802.7,,3321.8,,1.1447709073393941,1.0614974266501371,1.0784490650646705,2537.9687262614193,54.9308210778828,Yes
HR,Croatia,J,Information and communication,2024,56.93,,45.34,,19.51,,14.01,,8.01,,,,15.62,,25.07,,2952.65,45689.0,4,4,64.62496443345225,1,No,Yes,Yes,4040.8,p,3428.8,p,1.1784881007932804,1.0614974266501371,1.110212866471416,2659.5350217696478,58.20952574513882,Yes
HR,Croatia,L,Real estate activities,2021,,,,,0.0,,0.0,,0.0,,0.0,,0.0,,,,156.05,3509.0,4,4,44.4713593616415,3,No,No,No,4432.3,,4242.1,,1.044836283915985,1.044836283915985,1.0,156.05,44.4713593616415,Yes
HR,Croatia,L,Real estate activities,2023,6.93,,6.93,,6.93,,0.0,,0.0,,0.0,,0.0,,0.0,,164.41,3690.0,4,4,44.55555555555556,0,No,Yes,No,5565.8,,4635.9,,1.2005867253392006,1.044836283915985,1.1490668383370761,143.08132000217964,38.77542547484543,Yes
HR,Croatia,L,Real estate activities,2024,11.65,,11.65,,5.51,,5.51,,0.0,,0.0,,6.14,,0.0,,177.29,3601.0,4,4,49.23354623715635,0,No,Yes,No,6121.6,p,4729.0,p,1.2944808627616833,1.044836283915985,1.2389317663338077,143.09908327286558,39.73870682390047,Yes
HR,Croatia,M,"Professional, scientific and technical activities",2021,13.25,,5.79,,3.78,,3.95,,0.92,,0.92,,2.53,,2.85,,911.74,29677.0,4,4,30.72210802978738,0,No,Yes,Yes,2521.1,,2503.5,,1.0070301577791092,1.0070301577791092,1.0,911.74,30.72210802978738,Yes
HR,Croatia,M,"Professional, scientific and technical activities",2023,12.88,,4.88,,3.26,,0.96,,0.98,,,,3.56,,0.88,,1300.42,32602.0,4,4,39.887736948653455,1,No,Yes,Yes,3756.7,,3065.1,,1.2256370102117387,1.0070301577791092,1.2170807405755772,1068.4747171210763,32.773287440067364,Yes
HR,Croatia,M,"Professional, scientific and technical activities",2024,17.22,,12.16,,8.76,,4.99,,1.61,,1.16,,4.17,,5.88,,1414.76,34319.0,4,4,41.22381188263061,0,No,Yes,Yes,4323.7,p,3123.4,p,1.3842927578920405,1.0070301577791092,1.3746288998384528,1029.1941338977113,29.989047871374783,Yes
HR,Croatia,N,Administrative and support service activities,2021,5.16,,2.28,,1.91,,4.44,,,,0.0,,1.94,,,,631.3199999999999,41087.0,4,4,15.365444057731152,2,No,Yes,Yes,1062.7,,990.6,,1.072784171209368,1.072784171209368,1.0,631.3199999999999,15.365444057731152,Yes
HR,Croatia,N,Administrative and support service activities,2023,6.85,,2.35,,2.35,,1.17,,,,1.64,,1.92,,0.0,,965.69,45957.0,4,4,21.01290336619013,1,No,Yes,Yes,1700.1,,1169.9,,1.453201128301564,1.072784171209368,1.3546071682464753,712.8930236284484,15.51217493806054,Yes
HR,Croatia,N,Administrative and support service activities,2024,21.63,,15.41,,3.56,,3.67,,,,0.7,,9.8,,7.73,,1065.38,48990.0,4,4,21.74688711982037,1,No,Yes,Yes,1935.2,p,1230.1,p,1.573205430452809,1.072784171209368,1.4664696522128096,726.4930429296027,14.829415042449531,Yes
IT,Italy,C,Manufacturing,2021,6.63,,2.86,,1.34,,2.59,,3.37,,0.75,,1.27,,1.25,,248345.65,3008342.0,4,4,82.55233281322403,0,No,Yes,Yes,283106.8,,279551.0,,1.012719682633938,1.012719682633938,1.0,248345.65,82.55233281322403,Yes
IT,Italy,C,Manufacturing,2023,4.94,,2.69,,1.15,,2.59,,2.59,,0.9,,0.93,,1.1,,291994.42000000004,3164003.0,4,4,92.28639163742892,0,No,Yes,Yes,331429.4,,283976.0,,1.167103558047159,1.012719682633938,1.1524448256122473,253369.54404292218,80.07879387058803,Yes
IT,Italy,C,Manufacturing,2024,8.03,,4.81,,2.2,,2.4,,2.25,,0.69,,2.58,,1.33,,288240.34,3207864.0,4,4,89.85428933396177,0,No,Yes,Yes,332148.8,,286474.0,,1.159437854744235,1.012719682633938,1.144875402963142,251765.68494176966,78.48390235426739,Yes
IT,Italy,F,Construction,2021,5.24,,2.81,,1.47,,1.02,,1.02,,1.08,,0.66,,1.68,,35203.09,579849.0,4,4,60.71078849838492,0,No,Yes,Yes,85329.4,,80379.6,,1.0615803014695269,1.0615803014695269,1.0,35203.09,60.71078849838492,Yes
IT,Italy,F,Construction,2023,2.62,,1.39,,0.86,,0.93,,0.69,,0.33,,0.86,,0.63,,53677.6,699945.0,4,4,76.68831122445334,0,No,Yes,Yes,116675.7,,104351.3,,1.1181049014243234,1.0615803014695269,1.0532457129023123,50963.986221303094,72.81141549879361,Yes
IT,Italy,F,Construction,2024,5.24,,3.23,,1.8,,0.77,,1.13,,0.33,,1.05,,0.78,,53536.3,731263.0,4,4,73.21073266389794,0,No,Yes,Yes,110868.6,,99837.8,,1.1104872102550336,1.0615803014695269,1.0460699098483701,51178.510629141594,69.9864626394903,Yes
IT,Italy,G,Wholesale and retail trade; repair of motor vehicles and motorcycles,2021,5.59,,2.15,,0.75,,1.92,,0.87,,0.91,,2.55,,2.38,,106971.56,1545249.0,4,4,69.22609883585105,0,No,Yes,Yes,199798.3,,200673.2,,0.9956401751703764,0.9956401751703764,1.0,106971.56,69.22609883585105,Yes
IT,Italy,G,Wholesale and retail trade; repair of motor vehicles and motorcycles,2023,3.66,,1.62,,0.69,,1.86,,0.59,,0.84,,1.92,,0.49,,121721.22,1659164.0,4,4,73.36298280338772,0,No,Yes,Yes,227029.8,,201200.1,,1.128378166810056,0.9956401751703764,1.1333192401732537,107402.41203475212,64.73284861216379,Yes
IT,Italy,G,Wholesale and retail trade; repair of motor vehicles and motorcycles,2024,8.22,,4.75,,2.29,,2.15,,0.74,,0.8,,3.63,,1.1,,123294.29,1718756.0,4,4,71.7346092173642,0,No,Yes,Yes,226415.6,,199048.0,,1.1374924641292552,0.9956401751703764,1.1424734482360606,107918.73560857114,62.78886334568208,Yes
IT,Italy,H,Transportation and storage,2021,3.03,,1.21,,0.69,,1.14,,0.64,,0.57,,0.93,,0.75,,52979.19,934869.0,4,4,56.670175179624096,0,No,Yes,Yes,77680.9,,76243.0,,1.018859436276117,1.018859436276117,1.0,52979.19,56.670175179624096,Yes
IT,Italy,H,Transportation and storage,2023,3.45,,1.71,,1.19,,0.98,,0.69,,1.7,,0.58,,0.52,,67112.51000000001,983637.0,4,4,68.22894014763578,0,No,Yes,Yes,92498.8,,83343.3,,1.109852861597753,1.018859436276117,1.089309105929482,61610.16155532316,62.635059026168356,Yes
IT,Italy,H,Transportation and storage,2024,5.24,,3.19,,1.28,,1.37,,0.94,,1.06,,2.13,,1.41,,69941.47,985349.0,4,4,70.98141876634573,0,No,Yes,Yes,98368.1,,85011.1,,1.1571206583610847,1.018859436276117,1.135701959624878,61584.35266159235,62.50004075874877,Yes
IT,Italy,I,Accommodation and food service activities,2021,4.82,,2.19,,0.33,,0.64,,0.53,,0.44,,0.69,,0.61,,14724.72,566501.0,4,4,25.99239895428252,0,No,Yes,Yes,49920.3,,49861.7,,1.0011752507435567,1.0011752507435567,1.0,14724.72,25.99239895428252,Yes
IT,Italy,I,Accommodation and food service activities,2023,3.99,,3.1,,2.64,,0.72,,2.65,,0.51,,3.05,,2.26,,28768.15,790824.0,4,4,36.377436698936805,0,No,Yes,Yes,76923.0,,66203.6,,1.161915666217547,1.0011752507435567,1.1605517269375276,24788.339315054578,31.344950728676135,Yes
IT,Italy,I,Accommodation and food service activities,2024,2.73,,1.42,,1.23,,1.15,,,,0.11,,2.11,,0.26,,31876.27,858690.0,4,4,37.12197649908582,1,No,Yes,Yes,80928.1,,65948.3,,1.2271445966006707,1.0011752507435567,1.2257040869610891,26006.497277031543,30.286246814370198,Yes
IT,Italy,J,Information and communication,2021,16.19,,10.93,,5.86,,6.13,,6.05,,0.97,,4.9,,5.26,,46473.78,442508.0,4,4,105.0235927938026,0,No,Yes,Yes,61689.1,,62702.6,,0.9838363959389244,0.9838363959389244,1.0,46473.78,105.0235927938026,Yes
IT,Italy,J,Information and communication,2023,21.04,,12.16,,9.05,,5.93,,7.38,,2.01,,6.56,,4.77,,48920.67,485397.0,4,4,100.78486270001667,0,No,Yes,Yes,65207.6,,68259.1,,0.9552953379109891,0.9838363959389244,0.9709900364067167,50382.25745450254,103.79598030993711,Yes
IT,Italy,J,Information and communication,2024,34.6,,26.19,,19.13,,11.01,,12.01,,0.77,,11.92,,10.66,,51439.95,482921.0,4,4,106.51835393366616,0,No,Yes,Yes,68273.0,,69395.4,,0.9838260172864485,0.9838363959389244,0.9999894508349978,51440.4926542448,106.51947762521158,Yes
IT,Italy,L,Real estate activities,2021,3.19,,0.94,,0.61,,1.73,,,,,,0.48,,1.39,,2698.65,20099.0,4,4,134.26787402358326,2,No,Yes,No,216931.9,,214775.1,,1.0100421324445896,1.0100421324445896,1.0,2698.65,134.26787402358326,Yes
IT,Italy,L,Real estate activities,2023,2.73,,1.16,,0.4,,0.4,,,,,,1.76,,0.78,,2961.16,20357.0,4,4,145.4615120106106,2,No,Yes,No,240660.2,,227210.3,,1.0591958199078124,1.0100421324445896,1.0486649872161835,2823.7426023546195,138.7111363341661,Yes
IT,Italy,L,Real estate activities,2024,6.2,,4.82,,2.57,,2.11,,,,,,2.41,,0.76,,,19392.0,2,4,,2,No,No,No,247827.8,,228970.7,,1.0823559520934336,1.0100421324445896,1.0715948546362357,,,No
IT,Italy,M,"Professional, scientific and technical activities",2021,8.68,,3.6,,1.41,,1.54,,2.82,,0.24,,1.56,,2.32,,27673.72,353889.0,4,4,78.19887026723069,0,No,Yes,Yes,112993.0,,113185.9,,0.9982957241140461,0.9982957241140461,1.0,27673.72,78.19887026723069,Yes
IT,Italy,M,"Professional, scientific and technical activities",2023,9.23,,4.69,,2.64,,3.02,,3.53,,0.1,,1.65,,1.43,,33206.55,411342.0,4,4,80.7273509634319,0,No,Yes,Yes,138650.4,,136533.3,,1.0155061073012959,0.9982957241140461,1.0172397645021702,32643.778938636995,79.35921675549056,Yes
IT,Italy,M,"Professional, scientific and technical activities",2024,19.56,,14.56,,7.4,,5.95,,5.72,,0.36,,6.11,,3.42,,35668.22,433493.0,4,4,82.28095955413352,0,No,Yes,Yes,140920.3,,136441.2,,1.0328280607323885,0.9982957241140461,1.034591289719275,34475.662374538435,79.52991714869313,Yes
IT,Italy,N,Administrative and support service activities,2021,6.22,,2.68,,0.64,,0.6,,1.2,,0.15,,1.05,,1.75,,42538.9,1202000.0,4,4,35.39009983361065,0,No,Yes,Yes,60912.3,,61049.2,,0.9977575463724341,0.9977575463724341,1.0,42538.9,35.39009983361065,Yes
IT,Italy,N,Administrative and support service activities,2023,6.73,,3.56,,1.75,,2.21,,1.57,,0.36,,2.57,,1.41,,50050.72,1272757.0,4,4,39.32464720288319,0,No,Yes,Yes,69875.6,,64789.9,,1.0784952592919577,0.9977575463724341,1.0809191704067418,46303.85080613039,36.38074731164738,Yes
IT,Italy,N,Administrative and support service activities,2024,7.72,,4.67,,3.56,,1.31,,1.4,,0.24,,2.25,,1.61,,51450.55,1294607.0,4,4,39.74221520507768,0,No,Yes,Yes,71289.0,,62933.8,,1.132761727402445,0.9977575463724341,1.1353076020530721,45318.5990360301,35.00568051619534,Yes
CY,Cyprus,C,Manufacturing,2021,2.05,,1.07,,0.38,,1.05,,1.71,,0.53,,0.19,,0.19,,1127.08,26027.0,4,4,43.30426095977254,0,No,Yes,Yes,1280.9,,1242.9,,1.0305736583795961,1.0305736583795961,1.0,1127.08,43.30426095977254,Yes
CY,Cyprus,C,Manufacturing,2023,3.81,,1.37,,0.52,,1.8,,2.42,,1.05,,0.2,,1.3,,1306.74,27366.0,4,4,47.75049331286999,0,No,Yes,Yes,1506.1,,1260.1,,1.195222601380843,1.0305736583795961,1.15976436197693,1126.7288794531812,41.17258201612152,Yes
CY,Cyprus,C,Manufacturing,2024,2.98,,1.75,,0.53,,1.4,,1.23,,0.67,,0.52,,0.69,,1424.75,28039.0,4,4,50.81315310817076,0,No,Yes,Yes,1549.5,,1295.3,,1.1962479734424458,1.0305736583795961,1.1607593146940556,1227.429305941452,43.77578750816548,Yes
CY,Cyprus,F,Construction,2021,0.21,,0.0,,0.0,,0.0,,0.21,,0.0,,0.0,,0.0,,762.9,18260.0,4,4,41.77984665936473,0,No,Yes,No,1261.0,,1243.3,,1.0142363066033941,1.0142363066033941,1.0,762.9,41.77984665936473,Yes
CY,Cyprus,F,Construction,2023,1.31,,0.45,,0.45,,0.16,,0.16,,0.0,,0.45,,0.58,,,,2,2,,0,No,No,No,1594.9,,1320.1,,1.2081660480266647,1.0142363066033941,1.1912076506832294,,,No
CY,Cyprus,F,Construction,2024,2.39,,1.64,,0.35,,0.55,,0.55,,0.0,,1.09,,0.55,,967.7,19115.0,4,4,50.62516348417473,0,No,Yes,No,1729.9,,1389.6,,1.2448906160046058,1.0142363066033941,1.2274167350345175,788.4037852659604,41.24529350070418,Yes
CY,Cyprus,G,Wholesale and retail trade; repair of motor vehicles and motorcycles,2021,1.06,,0.0,,0.0,,0.1,,0.0,,0.2,,0.35,,0.5,,1924.51,40555.0,4,4,47.45432129207249,0,No,Yes,Yes,2949.3,,2786.3,,1.0585005204034024,1.0585005204034024,1.0,1924.51,47.45432129207249,Yes
CY,Cyprus,G,Wholesale and retail trade; repair of motor vehicles and motorcycles,2023,2.1,,0.69,,0.44,,0.83,,0.2,,0.49,,1.37,,0.39,,2386.82,44359.0,4,4,53.80689375324061,0,No,Yes,Yes,3362.1,,2545.8,,1.3206457695027103,1.0585005204034024,1.2476571754536336,1913.041536536012,43.126344970265606,Yes
CY,Cyprus,G,Wholesale and retail trade; repair of motor vehicles and motorcycles,2024,4.1,,2.34,,1.36,,1.25,,0.17,,0.11,,2.27,,0.96,,2470.15,45503.0,4,4,54.28543172977606,0,No,Yes,Yes,3583.5,,2651.8,,1.3513462553737083,1.0585005204034024,1.2766609267784774,1934.8520411235343,42.52141707411675,Yes
CY,Cyprus,H,Transportation and storage,2021,7.14,,5.21,,3.27,,3.8,,3.34,,2.4,,2.88,,5.21,,645.23,13341.0,4,4,48.36444044674312,0,No,Yes,Yes,1196.1,,1188.1,,1.0067334399461325,1.0067334399461325,1.0,645.23,48.36444044674312,Yes
CY,Cyprus,H,Transportation and storage,2023,7.01,,2.13,,1.21,,1.64,,1.4,,1.21,,0.98,,5.07,,931.63,16291.0,4,4,57.18679025228654,0,No,Yes,Yes,1523.9,,1367.4,,1.1144507825069474,1.0067334399461325,1.106996885458159,841.5832169341841,51.6593957973227,Yes
CY,Cyprus,H,Transportation and storage,2024,7.28,,2.99,,1.41,,2.2,,0.0,,0.9,,1.3,,4.45,,948.42,15868.0,4,4,59.769347113687935,0,No,Yes,Yes,1548.4,,1373.9,,1.127010699468666,1.0067334399461325,1.1194727966212874,847.202364240072,53.390620383165626,Yes
CY,Cyprus,I,Accommodation and food service activities,2021,0.45,,0.2,,0.0,,0.2,,0.0,,0.0,,0.2,,0.45,,736.3100000000001,33756.0,4,4,21.812714776632305,0,No,Yes,Yes,979.5,,979.0,,1.0005107252298264,1.0005107252298264,1.0,736.3100000000001,21.812714776632305,Yes
CY,Cyprus,I,Accommodation and food service activities,2023,1.22,,0.59,,0.0,,0.13,,0.0,,0.13,,0.91,,0.45,,1442.58,43598.0,4,4,33.088215055736505,0,No,Yes,Yes,1829.0,,1629.5,,1.1224301933108316,1.0005107252298264,1.1218572325179215,1285.8855460264235,29.49414069513335,Yes
CY,Cyprus,I,Accommodation and food service activities,2024,3.53,,1.91,,0.9,,0.28,,0.0,,0.11,,3.09,,0.56,,1625.49,44442.0,4,4,36.575536654516,0,No,Yes,Yes,2034.8,,1730.5,,1.1758451314648946,1.0005107252298264,1.1752449042410738,1383.107464779587,31.121629647171304,Yes
CY,Cyprus,J,Information and communication,2021,18.98,,7.86,,5.08,,6.22,,3.44,,1.15,,9.49,,8.66,,1671.89,11891.0,4,4,140.6012950971323,0,No,Yes,Yes,2026.9,,2006.0,,1.010418743768694,1.010418743768694,1.0,1671.89,140.6012950971323,Yes
CY,Cyprus,J,Information and communication,2023,25.95,,17.5,,13.04,,11.11,,8.51,,3.62,,12.13,,10.07,,2774.26,19633.0,4,4,141.3059644476137,0,No,Yes,Yes,3053.3,,2963.7,,1.030232479670682,1.010418743768694,1.0196094302725285,2720.9046107571567,138.58832632593877,Yes
CY,Cyprus,J,Information and communication,2024,41.39,,29.3,,17.68,,12.1,,2.86,,1.45,,17.37,,13.55,,3316.1800000000003,21169.0,4,4,156.652652463508,0,No,Yes,Yes,3586.2,,3299.8,,1.0867931389781198,1.010418743768694,1.075586874927282,3083.135428018494,145.64388624963362,Yes
CY,Cyprus,L,Real estate activities,2021,0.0,,0.0,,0.0,,0.0,,0.0,,0.0,,0.0,,0.0,,,,1,1,,0,No,No,No,2339.6,,2290.9,,1.021258020865162,1.021258020865162,1.0,,,No
CY,Cyprus,L,Real estate activities,2023,3.91,,0.0,,0.0,,0.0,,0.0,,0.0,,3.91,,0.0,,,,2,2,,0,No,No,No,2899.4,,2639.9,,1.0982991779991667,1.021258020865162,1.0754375050770606,,,No
CY,Cyprus,L,Real estate activities,2024,4.2,,0.0,,0.0,,0.0,,0.0,,0.0,,2.1,,0.0,,,,2,2,,0,No,No,No,3121.6,,2694.1,,1.1586800786904718,1.021258020865162,1.1345615456796043,,,No
CY,Cyprus,M,"Professional, scientific and technical activities",2021,4.39,,2.38,,0.73,,0.37,,0.37,,0.0,,0.37,,2.74,,1022.03,16837.0,4,4,60.70143137138445,0,No,Yes,Yes,1905.2,,1862.9,,1.022706532825165,1.022706532825165,1.0,1022.03,60.70143137138445,Yes
CY,Cyprus,M,"Professional, scientific and technical activities",2023,7.66,,2.35,,1.68,,1.18,,1.09,,0.25,,1.68,,3.79,,1213.47,20058.0,4,4,60.49805563864792,0,No,Yes,Yes,2075.5,,1861.0,,1.115260612573885,1.022706532825165,1.090499157654782,1112.7656463391297,55.47739786315334,Yes
CY,Cyprus,M,"Professional, scientific and technical activities",2024,14.84,,8.55,,3.82,,2.87,,0.36,,0.0,,5.49,,5.25,,1354.94,20797.0,4,4,65.15074289560994,0,No,Yes,Yes,2152.0,,1900.5,,1.1323335964219943,1.022706532825165,1.1071930803981385,1223.7612607845901,58.84316299392172,Yes
CY,Cyprus,N,Administrative and support service activities,2021,3.1,,1.2,,1.2,,1.89,,0.0,,0.0,,0.0,,1.89,,366.09,10477.0,4,4,34.942254462155205,0,No,Yes,Yes,534.3,,522.9,,1.0218014916810096,1.0218014916810096,1.0,366.09,34.942254462155205,Yes
CY,Cyprus,N,Administrative and support service activities,2023,9.03,,2.55,,1.05,,1.49,,0.93,,0.0,,2.7,,5.32,,548.05,13195.0,4,4,41.534672224327394,0,No,Yes,Yes,762.3,,686.5,,1.1104151493080845,1.0218014916810096,1.0867229675710228,504.31436194356695,38.22011079526843,Yes
CY,Cyprus,N,Administrative and support service activities,2024,9.37,,7.07,,2.45,,2.73,,0.72,,0.0,,5.57,,4.12,,605.1,14327.0,4,4,42.2349410204509,0,No,Yes,Yes,803.8,,712.6,,1.1279820376087566,1.0218014916810096,1.1039150429826294,548.1400075544776,38.25923135021132,Yes
LV,Latvia,C,Manufacturing,2021,2.61,,0.81,,0.37,,0.83,,1.08,,0.28,,0.11,,0.17,,3541.7,105291.0,4,4,33.63725294659562,0,No,Yes,Yes,4147.9,,3696.8,,1.1220244535814756,1.1220244535814756,1.0,3541.7,33.63725294659562,Yes
LV,Latvia,C,Manufacturing,2023,4.14,,1.9,,0.85,,0.81,,1.61,,0.28,,0.25,,0.91,,3541.87,97392.0,4,4,36.36715541317562,0,No,Yes,Yes,4305.3,,3461.6,,1.2437312225560435,1.1220244535814756,1.1084706920478273,3195.27618132747,32.80840501609444,Yes
LV,Latvia,C,Manufacturing,2024,8.39,,4.53,,2.52,,2.33,,2.8,,0.79,,2.87,,1.87,,3570.1400000000003,96975.0,4,4,36.81505542665636,0,No,Yes,Yes,4044.7,,3347.8,,1.2081665571420035,1.1220244535814756,1.0767738201119987,3315.5895261538385,34.19014721478565,Yes
LV,Latvia,F,Construction,2021,3.32,,2.5,,2.43,,0.91,,0.84,,0.0,,0.82,,0.89,,966.36,49486.0,4,4,19.52794729822576,0,No,Yes,Yes,1552.4,,1451.3,,1.0696616826293668,1.0696616826293668,1.0,966.36,19.52794729822576,Yes
LV,Latvia,F,Construction,2023,1.51,,1.51,,1.3,,0.72,,0.65,,0.65,,0.65,,0.14,,1231.22,40751.0,4,4,30.21324630070428,0,No,Yes,Yes,2128.4,,1482.4,,1.4357798165137614,1.0696616826293668,1.3422747022071773,917.2638044771583,22.508988846338944,Yes
LV,Latvia,F,Construction,2024,5.28,,2.77,,1.32,,1.32,,0.0,,0.63,,0.63,,0.07,,1300.53,43440.0,4,4,29.93853591160221,0,No,Yes,Yes,2105.8,,1397.1,,1.507265049030134,1.0696616826293668,1.4091044612583312,922.9478975878238,21.246498563255614,Yes
LV,Latvia,G,Wholesale and retail trade; repair of motor vehicles and motorcycles,2021,3.05,,1.22,,0.83,,1.96,,0.46,,0.0,,0.86,,1.12,,2936.56,101647.0,4,4,28.889785237144235,0,No,Yes,Yes,4123.4,,4699.7,,0.8773751516054216,0.8773751516054216,1.0,2936.56,28.889785237144235,Yes
LV,Latvia,G,Wholesale and retail trade; repair of motor vehicles and motorcycles,2023,2.41,,1.07,,0.11,,0.31,,0.28,,0.52,,0.86,,0.09,,3228.81,93646.0,4,4,34.478888580398525,0,No,Yes,Yes,5162.9,,5078.7,,1.0165790458188118,0.8773751516054216,1.1586594901379128,2786.6772140412722,29.757568011888097,Yes
LV,Latvia,G,Wholesale and retail trade; repair of motor vehicles and motorcycles,2024,6.71,,2.66,,1.26,,1.57,,0.71,,0.72,,4.74,,0.73,,3435.4,99029.0,4,4,34.69084813539468,0,No,Yes,Yes,4916.2,,5120.9,,0.9600265578316312,0.8773751516054216,1.0942030396860156,3139.6366811280263,31.704214736370417,Yes
LV,Latvia,H,Transportation and storage,2021,3.45,,1.85,,1.65,,2.52,,1.65,,2.18,,2.12,,1.75,,1208.82,54676.0,4,4,22.108786304777237,0,No,Yes,Yes,1903.3,,1897.6,,1.0030037942664418,1.0030037942664418,1.0,1208.82,22.108786304777237,Yes
LV,Latvia,H,Transportation and storage,2023,4.1,,2.43,,0.3,,0.9,,0.1,,0.7,,1.37,,0.5,,1474.15,49312.0,4,4,29.89434620376379,0,No,Yes,Yes,2288.2,,1755.4,,1.3035205651133643,1.0030037942664418,1.2996167836700048,1134.2959082423733,23.002431623993616,Yes
LV,Latvia,H,Transportation and storage,2024,5.19,,3.75,,2.22,,0.79,,0.95,,2.02,,0.79,,1.08,,1276.2,44863.0,4,4,28.44660410583332,0,No,Yes,Yes,2093.6,,1565.9,,1.3369946995338142,1.0030037942664418,1.3329906698026406,957.3960485326961,21.340437521625756,Yes
LV,Latvia,I,Accommodation and food service activities,2021,0.28,,0.0,,0.0,,0.0,,0.14,,0.0,,0.0,,0.0,,235.17,22904.0,4,4,10.267638840377227,0,No,Yes,Yes,337.3,,335.9,,1.004167907115213,1.004167907115213,1.0,235.17,10.267638840377227,Yes
LV,Latvia,I,Accommodation and food service activities,2023,1.01,,0.79,,0.0,,0.79,,0.0,,0.0,,0.0,,0.0,,430.54,23489.0,4,4,18.32943079739453,0,No,Yes,Yes,671.5,,493.2,,1.3615166261151663,1.004167907115213,1.3558655046311423,317.5388698432347,13.518620198528449,Yes
LV,Latvia,I,Accommodation and food service activities,2024,1.34,,1.01,,0.0,,1.01,,0.0,,0.0,,0.24,,0.24,,499.29,26343.0,4,4,18.953422161485022,0,No,Yes,Yes,727.8,,499.3,,1.457640696975766,1.004167907115213,1.451590602176578,343.96061758139166,13.057002527479467,Yes
LV,Latvia,J,Information and communication,2021,13.71,,7.75,,3.89,,5.51,,2.7,,1.54,,5.1,,5.73,,1322.6,29592.0,4,4,44.69451203027845,0,No,Yes,Yes,1881.4,,1866.7,,1.007874859377511,1.007874859377511,1.0,1322.6,44.69451203027845,Yes
LV,Latvia,J,Information and communication,2023,20.93,,10.05,,6.16,,5.04,,1.39,,0.47,,7.8,,3.97,,1691.91,31929.0,4,4,52.98975852673119,0,No,Yes,Yes,2366.4,,2007.2,,1.1789557592666402,1.007874859377511,1.1697441882763036,1446.3931660931291,45.300296473210224,Yes
LV,Latvia,J,Information and communication,2024,37.38,,24.53,,11.99,,13.63,,12.83,,1.96,,17.29,,8.45,,1844.33,32732.0,4,4,56.34638885494317,0,No,Yes,Yes,2480.2,,1986.7,,1.2484018724518045,1.007874859377511,1.2386476960273112,1488.986744104301,45.49024636760054,Yes
LV,Latvia,L,Real estate activities,2021,2.7,,0.0,,0.0,,0.0,,0.0,,0.0,,0.88,,0.91,,,11951.0,2,4,,0,No,No,No,2379.3,,2424.7,,0.9812760341485546,0.9812760341485546,1.0,,,No
LV,Latvia,L,Real estate activities,2023,5.85,,2.95,,1.48,,0.74,,0.0,,0.74,,0.0,,0.74,,,10032.0,2,4,,0,No,No,No,2979.6,,2758.4,,1.080191415313225,0.9812760341485546,1.1008028095280025,,,No
LV,Latvia,L,Real estate activities,2024,7.96,,1.02,,0.3,,1.02,,0.72,,0.76,,1.73,,1.02,,,11474.0,2,4,,0,No,No,No,3168.8,,2687.0,,1.1793077781912915,0.9812760341485546,1.2018104357501889,,,No
LV,Latvia,M,"Professional, scientific and technical activities",2021,9.28,,4.92,,2.61,,4.14,,2.35,,0.52,,1.81,,1.3,,552.13,16028.0,4,4,34.447841277763914,0,No,Yes,Yes,1450.9,,1419.3,,1.0222644965828227,1.0222644965828227,1.0,552.13,34.447841277763914,Yes
LV,Latvia,M,"Professional, scientific and technical activities",2023,11.37,,7.06,,2.37,,4.06,,2.04,,0.65,,3.59,,1.54,,648.3,15144.0,4,4,42.80903328050713,0,No,Yes,Yes,1692.6,,1410.3,,1.2001701765581791,1.0222644965828227,1.174030968081207,552.200084687338,36.463291381889725,Yes
LV,Latvia,M,"Professional, scientific and technical activities",2024,23.46,,12.85,,7.85,,7.95,,4.68,,0.75,,6.84,,4.86,,734.61,17281.0,4,4,42.50969272611539,0,No,Yes,Yes,1724.2,,1345.0,,1.2819330855018587,1.0222644965828227,1.254013114792741,585.8072705415158,33.89892196872379,Yes
LV,Latvia,N,Administrative and support service activities,2021,4.01,,1.79,,0.45,,0.66,,0.2,,0.0,,0.2,,0.88,,,28186.0,2,4,,0,No,No,No,810.1,,811.8,,0.9979058881497906,0.9979058881497906,1.0,,,No
LV,Latvia,N,Administrative and support service activities,2023,6.6,,3.05,,0.0,,3.5,,0.0,,0.0,,2.08,,0.0,,652.6,28708.0,4,4,22.732339417583947,0,No,Yes,No,1045.5,,841.0,,1.2431629013079668,0.9979058881497906,1.2457716865594461,523.8520083903504,18.247596781048852,Yes
LV,Latvia,N,Administrative and support service activities,2024,8.42,,6.5,,3.15,,2.67,,1.39,,1.02,,3.96,,1.64,,771.75,31204.0,4,4,24.732406101781823,0,No,Yes,No,1183.6,,933.0,,1.2685959271168274,0.9979058881497906,1.2712580837346505,607.0757856915915,19.45506299485936,Yes
LT,Lithuania,C,Manufacturing,2021,5.06,,1.83,,0.84,,2.16,,2.71,,0.55,,1.1,,1.72,,7078.82,199364.0,4,4,35.507012299111175,0,No,Yes,Yes,9022.2,,8628.3,,1.0456520983275965,1.0456520983275965,1.0,7078.82,35.507012299111175,Yes
LT,Lithuania,C,Manufacturing,2023,4.83,,3.0,,1.21,,2.49,,1.86,,0.88,,0.84,,0.88,,8344.01,198919.0,4,4,41.946772304304766,0,No,Yes,Yes,11089.0,,8855.1,,1.2522727016069835,1.0456520983275965,1.1975997596235435,6967.277617543007,35.02570200706321,Yes
LT,Lithuania,C,Manufacturing,2024,8.81,,5.66,,3.07,,3.18,,2.45,,0.62,,2.37,,1.64,,8504.119999999999,197905.0,4,4,42.970718273919296,0,No,Yes,Yes,10727.8,,9111.8,,1.1773524440834962,1.0456520983275965,1.1259504437150172,7552.83684772225,38.16395163195599,Yes
LT,Lithuania,F,Construction,2021,1.11,,0.39,,0.29,,0.72,,0.24,,0.1,,0.29,,0.63,,1807.09,79553.0,4,4,22.71554812514928,0,No,Yes,Yes,3582.3,,3384.5,,1.0584429014625498,1.0584429014625498,1.0,1807.09,22.71554812514928,Yes
LT,Lithuania,F,Construction,2023,2.4,,0.58,,0.31,,0.36,,0.22,,0.04,,0.04,,0.09,,2789.75,83455.0,4,4,33.42819483554011,0,No,Yes,Yes,4943.8,,3753.4,,1.3171524484467416,1.0584429014625498,1.2444246606280873,2241.799032327079,26.86236932870504,Yes
LT,Lithuania,F,Construction,2024,3.42,,2.43,,1.43,,1.26,,0.52,,0.26,,0.61,,0.35,,2972.59,82154.0,4,4,36.18314385179053,0,No,Yes,Yes,5398.9,,3920.0,,1.3772704081632652,1.0584429014625498,1.3012231517261454,2284.4582776264724,27.807024339977016,Yes
LT,Lithuania,G,Wholesale and retail trade; repair of motor vehicles and motorcycles,2021,2.79,,1.3,,0.54,,1.52,,0.29,,0.48,,1.08,,1.05,,5129.39,151755.0,4,4,33.80046785937861,0,No,Yes,Yes,8302.6,,8046.8,,1.0317890341502212,1.0317890341502212,1.0,5129.39,33.80046785937861,Yes
LT,Lithuania,G,Wholesale and retail trade; repair of motor vehicles and motorcycles,2023,4.39,,2.39,,1.08,,1.8,,0.46,,0.26,,1.8,,1.11,,5768.6900000000005,153084.0,4,4,37.68316741135586,0,No,Yes,Yes,10249.6,,7784.2,,1.3167184810256674,1.0317890341502212,1.2761508772092285,4520.382427362629,29.528771310931443,Yes
LT,Lithuania,G,Wholesale and retail trade; repair of motor vehicles and motorcycles,2024,7.68,,5.57,,3.16,,3.76,,0.76,,1.81,,3.59,,1.02,,5849.83,152671.0,4,4,38.31657616705203,0,No,Yes,Yes,10229.1,,7988.9,,1.2804140745284083,1.0317890341502212,1.2409649958946831,4713.936347400775,30.876435913832847,Yes
LT,Lithuania,H,Transportation and storage,2021,3.84,,1.62,,0.22,,1.9,,0.65,,1.3,,0.32,,0.87,,3852.3,129670.0,4,4,29.708490784298604,0,No,Yes,Yes,5577.1,,5388.1,,1.0350772999758728,1.0350772999758728,1.0,3852.3,29.708490784298604,Yes
LT,Lithuania,H,Transportation and storage,2023,4.97,,1.53,,0.44,,2.84,,0.22,,0.11,,0.22,,0.44,,5721.64,146259.0,4,4,39.11991740679206,0,No,Yes,Yes,7280.2,,4797.6,,1.5174670668667665,1.0350772999758728,1.4660422626427398,3902.7797122887637,26.684031152194144,Yes
LT,Lithuania,H,Transportation and storage,2024,4.96,,1.56,,0.47,,0.83,,1.04,,1.1,,1.15,,1.51,,5328.91,142156.0,4,4,37.48635302062523,0,No,Yes,Yes,7333.0,,4811.5,,1.5240569468980567,1.0350772999758728,1.4724088209968296,3619.1782635425234,25.459201606281294,Yes
LT,Lithuania,I,Accommodation and food service activities,2021,3.8,,2.63,,1.17,,1.75,,1.46,,0.1,,0.78,,0.29,,449.55,32710.0,4,4,13.74350351574442,0,No,Yes,Yes,710.4,,688.3,,1.032108092401569,1.032108092401569,1.0,449.55,13.74350351574442,Yes
LT,Lithuania,I,Accommodation and food service activities,2023,0.55,,0.55,,0.37,,0.09,,0.0,,0.0,,0.18,,0.0,,755.3,37860.0,4,4,19.949815108293716,0,No,Yes,Yes,1256.8,,879.4,,1.4291562428928815,1.032108092401569,1.3846962865754087,545.4625735062715,14.407357990128673,Yes
LT,Lithuania,I,Accommodation and food service activities,2024,4.22,,2.93,,1.46,,1.55,,1.2,,1.03,,1.64,,2.15,,766.6800000000001,38552.0,4,4,19.88690599709484,0,No,Yes,Yes,1262.9,,830.3,,1.5210165000602194,1.032108092401569,1.4736988414857108,520.2419778162212,13.494552236361832,Yes
LT,Lithuania,J,Information and communication,2021,22.77,,15.64,,10.69,,14.06,,8.12,,3.37,,9.7,,8.32,,1608.33,32195.0,4,4,49.95589377232489,0,No,Yes,Yes,2174.0,,2065.8,,1.0523768031755252,1.0523768031755252,1.0,1608.33,49.95589377232489,Yes
LT,Lithuania,J,Information and communication,2023,26.68,,20.67,,14.49,,17.49,,7.95,,1.24,,5.83,,10.95,,2742.28,40478.0,4,4,67.74741835070903,0,No,Yes,Yes,3445.6,,2768.2,,1.244707752330034,1.0523768031755252,1.182758636045715,2318.5457424924757,57.27915762864953,Yes
LT,Lithuania,J,Information and communication,2024,45.9,,40.44,,32.42,,32.94,,13.48,,2.22,,15.36,,16.21,,3023.03,39670.0,4,4,76.20443660196621,0,No,Yes,Yes,3836.9,,3149.0,,1.218450301683074,1.0523768031755252,1.1578080189590132,2610.994180812472,65.81785179764235,Yes
LT,Lithuania,L,Real estate activities,2021,1.3,,0.0,,0.0,,0.0,,0.0,,0.0,,1.3,,0.0,,354.15,6363.0,4,4,55.65770862800566,0,No,Yes,No,3223.5,,3113.8,,1.0352302652707301,1.0352302652707301,1.0,354.15,55.65770862800566,Yes
LT,Lithuania,L,Real estate activities,2023,2.65,,2.65,,2.65,,2.65,,1.33,,1.33,,1.33,,0.0,,,,2,2,,0,No,No,No,4361.7,,3261.7,,1.3372474476499985,1.0352302652707301,1.2917391352544023,,,No
LT,Lithuania,L,Real estate activities,2024,5.58,,4.65,,4.19,,1.86,,2.33,,0.47,,0.47,,0.93,,,,2,2,,0,No,No,No,4772.1,,3307.3,,1.4428990415142262,1.0352302652707301,1.3937952646089649,,,No
LT,Lithuania,M,"Professional, scientific and technical activities",2021,7.22,,2.68,,0.81,,5.36,,1.51,,0.0,,0.12,,0.7,,911.04,25592.0,4,4,35.59862457017818,0,No,Yes,Yes,2139.3,,2110.3,,1.0137421219731793,1.0137421219731793,1.0,911.04,35.59862457017818,Yes
LT,Lithuania,M,"Professional, scientific and technical activities",2023,4.07,,3.69,,1.78,,2.54,,0.38,,0.13,,0.38,,0.89,,1194.97,27148.0,4,4,44.01687048769707,0,No,Yes,Yes,2805.5,,2403.6,,1.167207522050258,1.0137421219731793,1.151385048278717,1037.8543666051953,38.22949633877985,Yes
LT,Lithuania,M,"Professional, scientific and technical activities",2024,16.15,,9.74,,7.95,,11.15,,2.82,,0.13,,4.62,,1.03,,1263.43,27576.0,4,4,45.81628952712504,0,No,Yes,Yes,3129.1,,2612.4,,1.1977874751186648,1.0137421219731793,1.1815504645177946,1069.2983820336624,38.77641362176032,Yes
LT,Lithuania,N,Administrative and support service activities,2021,6.35,,4.46,,4.12,,1.03,,1.54,,0.17,,4.12,,1.89,,1066.71,54239.0,4,4,19.666844890208157,0,No,Yes,Yes,1778.9,,1615.6,,1.101076999257242,1.101076999257242,1.0,1066.71,19.666844890208157,Yes
LT,Lithuania,N,Administrative and support service activities,2023,5.46,,2.15,,0.99,,1.66,,0.33,,0.0,,2.48,,1.16,,1738.81,66892.0,4,4,25.994289302158705,0,No,Yes,Yes,2546.9,,1982.5,,1.2846910466582597,1.101076999257242,1.1667585895671955,1490.2911498127514,22.279064010834652,Yes
LT,Lithuania,N,Administrative and support service activities,2024,10.06,,4.49,,2.17,,6.04,,2.32,,0.15,,3.72,,1.86,,1896.86,67852.0,4,4,27.955845074574075,0,No,Yes,Yes,2794.0,,2116.9,,1.3198545042278804,1.101076999257242,1.1986941014281653,1582.4387537571226,23.321917611229185,Yes
LU,Luxembourg,C,Manufacturing,2021,13.48,,4.9,,2.46,,4.96,,4.79,,2.93,,0.68,,2.39,,,,3,3,,0,No,No,No,3392.8,,3253.5,,1.0428154295374212,1.0428154295374212,1.0,,,No
LU,Luxembourg,C,Manufacturing,2023,16.17,,4.99,,2.25,,4.78,,4.18,,1.61,,0.64,,1.61,,,,3,3,,0,No,No,No,3326.8,,3584.0,,0.9282366071428572,1.0428154295374212,0.890125501455814,,,No
LU,Luxembourg,C,Manufacturing,2024,27.13,,13.96,,7.27,,7.67,,8.23,,1.32,,3.89,,8.26,,,,3,3,,0,No,No,No,3415.3,p,3827.7,p,0.8922590589649138,1.0428154295374212,0.8556251026710525,,,No
LU,Luxembourg,F,Construction,2021,11.28,,4.17,,1.23,,0.6,,0.64,,0.21,,1.03,,0.63,,2879.28,44966.0,4,4,64.0323800204599,0,No,Yes,Yes,3503.0,,3161.0,,1.1081936096172098,1.1081936096172098,1.0,2879.28,64.0323800204599,Yes
LU,Luxembourg,F,Construction,2023,10.03,,3.2,,1.33,,0.67,,0.87,,0.29,,1.18,,0.98,,3106.73,45335.0,4,4,68.52828940112497,0,No,Yes,Yes,3371.9,,2153.5,,1.5657766426747157,1.1081936096172098,1.4129089259191483,2198.818298199199,48.50156166756809,Yes
LU,Luxembourg,F,Construction,2024,19.08,,6.84,,2.99,,1.55,,0.53,,0.24,,1.77,,0.18,,3019.92,42690.0,4,4,70.74068868587491,0,No,Yes,Yes,3848.8,p,2428.2,p,1.5850424182522034,1.1081936096172098,1.430293772222442,2111.398412444696,49.45885248172163,Yes
LU,Luxembourg,G,Wholesale and retail trade; repair of motor vehicles and motorcycles,2021,9.14,,4.16,,1.76,,3.0,,1.18,,1.94,,2.37,,1.99,,,,2,2,,0,No,No,No,5327.2,,4640.1,,1.1480787052003187,1.1480787052003187,1.0,,,No
LU,Luxembourg,G,Wholesale and retail trade; repair of motor vehicles and motorcycles,2023,14.61,,6.1,,4.26,,4.73,,2.06,,1.71,,4.03,,3.75,,,,2,2,,0,No,No,No,6454.8,,4590.6,,1.4060907070971114,1.1480787052003187,1.2247337231568756,,,No
LU,Luxembourg,G,Wholesale and retail trade; repair of motor vehicles and motorcycles,2024,20.16,,11.06,,5.66,,4.43,,3.74,,1.88,,6.14,,3.1,,,,2,2,,0,No,No,No,6368.2,p,4193.9,p,1.5184434535873532,1.1480787052003187,1.3225952599847348,,,No
LU,Luxembourg,H,Transportation and storage,2021,10.09,,2.08,,0.39,,0.37,,2.07,,0.75,,0.79,,0.75,,3334.64,21248.0,4,4,156.9390060240964,0,No,Yes,Yes,4100.3,,3900.9,,1.0511164090338128,1.0511164090338128,1.0,3334.64,156.9390060240964,Yes
LU,Luxembourg,H,Transportation and storage,2023,10.04,,5.1,,2.8,,2.84,,3.16,,2.16,,0.37,,1.74,,2360.51,22883.0,4,4,103.1556177074684,0,No,Yes,Yes,3243.7,,2949.9,,1.0995965964947962,1.0511164090338128,1.0461225674381265,2256.437317646925,98.60758281898893,Yes
LU,Luxembourg,H,Transportation and storage,2024,14.54,,4.9,,4.51,,3.01,,1.54,,3.33,,1.19,,3.69,,2484.19,22940.0,4,4,108.29075850043591,0,No,Yes,Yes,3526.8,p,2912.0,p,1.2111263736263738,1.0511164090338128,1.1522285859276447,2155.9871281964506,93.9837457801417,Yes
LU,Luxembourg,I,Accommodation and food service activities,2021,2.35,,1.06,,0.84,,0.21,,0.87,,0.21,,0.22,,0.21,,,,1,1,,0,No,No,No,684.6,,752.3,,0.9100093047986176,0.9100093047986176,1.0,,,No
LU,Luxembourg,I,Accommodation and food service activities,2023,4.87,,1.53,,0.32,,0.32,,0.0,,0.0,,1.64,,0.93,,,,1,1,,0,No,No,No,1273.0,,1255.9,,1.0136157337367624,0.9100093047986176,1.1138520544700063,,,No
LU,Luxembourg,I,Accommodation and food service activities,2024,6.83,,1.93,,0.48,,0.48,,0.88,,0.0,,1.26,,0.48,,,,1,1,,0,No,No,No,1352.2,p,1243.3,p,1.0875894796107135,0.9100093047986176,1.1951410539163596,,,No
LU,Luxembourg,J,Information and communication,2021,28.69,,21.62,,12.65,,14.65,,6.77,,1.64,,7.78,,6.66,,3114.43,18989.0,4,4,164.012322923798,0,No,Yes,Yes,3563.3,,3819.2,,0.9329964390448262,0.9329964390448262,1.0,3114.43,164.012322923798,Yes
LU,Luxembourg,J,Information and communication,2023,31.66,,18.69,,12.02,,10.69,,6.6,,0.32,,6.19,,8.13,,3195.92,19664.0,4,4,162.52644426362895,0,No,Yes,Yes,5073.6,,6086.2,,0.8336236075055043,0.9329964390448262,0.8934906636502742,3576.8924399762186,181.90055125997856,Yes
LU,Luxembourg,J,Information and communication,2024,48.69,,40.72,,28.25,,22.16,,13.77,,1.94,,14.08,,13.88,,3202.0,19722.0,4,4,162.3567589493966,0,No,Yes,Yes,4034.7,p,4537.6,p,0.8891704866008462,0.9329964390448262,0.9530266669732976,3359.822039575431,170.3590933767078,Yes
LU,Luxembourg,L,Real estate activities,2021,,,,,,,,,,,,,,,,,,,1,1,,8,No,No,No,4960.4,,4905.7,,1.0111502945553132,1.0111502945553132,1.0,,,No
LU,Luxembourg,L,Real estate activities,2023,,,,,,,,,,,,,,,,,,,1,1,,8,No,No,No,5708.6,,5323.1,,1.0724202062707822,1.0111502945553132,1.0605942677813434,,,No
LU,Luxembourg,L,Real estate activities,2024,,,,,,,,,,,,,,,,,,,1,1,,8,No,No,No,5995.9,p,5458.7,p,1.0984117097477422,1.0111502945553132,1.086299154203189,,,No
LU,Luxembourg,M,"Professional, scientific and technical activities",2021,20.8,,12.13,,6.51,,6.21,,2.41,,0.47,,1.69,,5.13,,,,1,1,,0,No,No,No,7301.8,,5822.9,,1.253979975613526,1.253979975613526,1.0,,,No
LU,Luxembourg,M,"Professional, scientific and technical activities",2023,21.98,,12.21,,7.64,,6.85,,5.71,,1.06,,1.87,,5.51,,,,1,1,,0,No,No,No,8364.6,,5457.0,,1.5328202308960968,1.253979975613526,1.2223642009483802,,,No
LU,Luxembourg,M,"Professional, scientific and technical activities",2024,37.49,,23.64,,12.32,,10.82,,6.67,,1.12,,4.55,,8.55,,,,1,1,,0,No,No,No,8105.4,p,5020.5,p,1.6144607110845532,1.253979975613526,1.2874692917601476,,,No
LU,Luxembourg,N,Administrative and support service activities,2021,16.09,,7.7,,3.39,,3.66,,1.7,,1.72,,1.06,,4.15,,1805.61,36081.0,4,4,50.043236052215846,0,No,Yes,Yes,2589.9,,2549.6,,1.015806401004079,1.015806401004079,1.0,1805.61,50.043236052215846,Yes
LU,Luxembourg,N,Administrative and support service activities,2023,13.39,,5.72,,1.58,,1.02,,1.76,,0.27,,1.46,,1.59,,2230.33,37396.0,4,4,59.6408706813563,0,No,Yes,Yes,3127.9,,2666.6,,1.17299182479562,1.015806401004079,1.1547395484377438,1931.4571870491754,51.64876422743544,Yes
LU,Luxembourg,N,Administrative and support service activities,2024,25.64,,13.54,,7.74,,6.44,,3.92,,0.71,,2.91,,5.55,,2297.59,37603.0,4,4,61.10124192218706,0,No,Yes,Yes,3196.7,p,2686.1,p,1.1900897211570678,1.015806401004079,1.1715713939001737,1961.1182143593473,52.15323815544895,Yes
HU,Hungary,C,Manufacturing,2021,4.0,,1.55,,0.98,,1.75,,2.5,,0.86,,1.68,,0.62,,27630.38,674932.0,4,4,40.93802042279815,0,No,Yes,Yes,25612.2,,25687.4,,0.9970724946861107,0.9970724946861107,1.0,27630.38,40.93802042279815,Yes
HU,Hungary,C,Manufacturing,2023,4.24,,2.14,,1.21,,2.01,,2.24,,0.85,,0.89,,0.77,,31005.1,685750.0,4,4,45.21341596791834,0,No,Yes,Yes,33825.8,,25632.1,,1.319665575586862,0.9970724946861107,1.3235402466921997,23425.883782142737,34.16096796520997,Yes
HU,Hungary,C,Manufacturing,2024,4.83,,2.44,,1.23,,1.95,,1.58,,0.67,,0.76,,0.67,,33381.16,677728.0,4,4,49.254509183625295,0,No,Yes,Yes,32693.2,,24647.0,,1.3264575810443462,0.9970724946861107,1.3303521941621,25091.97199544935,37.02366140317258,Yes
HU,Hungary,F,Construction,2021,0.55,,0.07,,0.0,,0.26,,0.0,,0.0,,0.48,,0.07,,4380.71,130679.0,4,4,33.52267770644097,0,No,Yes,Yes,8052.4,,7363.8,,1.0935115022135309,1.0935115022135309,1.0,4380.71,33.52267770644097,Yes
HU,Hungary,F,Construction,2023,1.8,,0.92,,0.48,,0.72,,0.0,,0.0,,0.09,,0.43,,5342.39,134663.0,4,4,39.67229305748424,0,No,Yes,Yes,10443.1,,7000.6,,1.4917435648372996,1.0935115022135309,1.3641772965512031,3916.1991725754237,29.08147874750617,Yes
HU,Hungary,F,Construction,2024,4.27,,2.66,,0.6,,0.53,,0.36,,0.0,,1.06,,0.66,,5347.53,126821.0,4,4,42.16596620433524,0,No,Yes,Yes,10547.7,,6972.3,,1.5128006540166086,1.0935115022135309,1.3834336913277412,3865.4039102284287,30.479210148385746,Yes
HU,Hungary,G,Wholesale and retail trade; repair of motor vehicles and motorcycles,2021,1.65,,0.56,,0.11,,0.49,,0.34,,0.07,,1.28,,0.24,,11039.44,326614.0,4,4,33.799653413509525,0,No,Yes,Yes,14717.5,,14186.5,,1.0374299510097629,1.0374299510097629,1.0,11039.44,33.799653413509525,Yes
HU,Hungary,G,Wholesale and retail trade; repair of motor vehicles and motorcycles,2023,3.02,,1.65,,0.67,,1.67,,0.63,,0.94,,1.28,,0.82,,12594.54,339539.0,4,4,37.09305852935892,0,No,Yes,Yes,17688.0,,13785.7,,1.2830686871178105,1.0374299510097629,1.2367762140171101,10183.36208059202,29.99173020063091,Yes
HU,Hungary,G,Wholesale and retail trade; repair of motor vehicles and motorcycles,2024,6.84,,3.8,,1.78,,1.95,,0.43,,0.4,,3.72,,0.94,,12982.99,345754.0,4,4,37.54978973489822,0,No,Yes,Yes,17728.5,,13888.0,,1.276533698156682,1.0374299510097629,1.2304770041718884,10551.184586125246,30.51644980571518,Yes
HU,Hungary,H,Transportation and storage,2021,3.32,,0.89,,0.17,,1.38,,1.2,,1.01,,1.79,,0.3,,3607.67,136303.0,4,4,26.468016111164097,0,No,Yes,Yes,6876.1,,7087.8,,0.9701317757273061,0.9701317757273061,1.0,3607.67,26.468016111164097,Yes
HU,Hungary,H,Transportation and storage,2023,2.23,,0.56,,0.19,,1.45,,1.0,,1.25,,0.51,,0.96,,4735.25,140020.0,4,4,33.81838308813027,0,No,Yes,Yes,8957.7,,7856.8,,1.14012065981061,0.9701317757273061,1.1752224680568404,4029.237126336983,28.776154308934316,Yes
HU,Hungary,H,Transportation and storage,2024,3.95,,1.74,,0.47,,0.95,,0.2,,0.51,,0.12,,0.29,,5244.35,141759.0,4,4,36.99482925246369,0,No,Yes,Yes,9391.0,,7946.8,,1.1817335279609402,0.9701317757273061,1.2181165049201657,4305.294262755032,30.370518011237603,Yes
HU,Hungary,I,Accommodation and food service activities,2021,0.66,,0.34,,0.0,,0.0,,0.0,,0.04,,0.59,,0.0,,1101.5,77233.0,4,4,14.262038247899214,0,No,Yes,Yes,2131.8,,2157.2,,0.9882254774707956,0.9882254774707956,1.0,1101.5,14.262038247899214,Yes
HU,Hungary,I,Accommodation and food service activities,2023,2.46,,1.49,,0.38,,0.44,,0.74,,1.69,,1.18,,1.59,,2131.46,103811.0,4,4,20.532120873510515,0,No,Yes,Yes,3790.2,,2902.0,,1.306064782908339,0.9882254774707956,1.3216263015713803,1612.7554343203883,15.535496568960788,Yes
HU,Hungary,I,Accommodation and food service activities,2024,4.53,,2.38,,1.57,,1.5,,0.49,,0.0,,2.11,,0.06,,2449.96,109199.0,4,4,22.435736590994424,0,No,Yes,Yes,4135.6,,3026.8,,1.366327474560592,0.9882254774707956,1.3826070119720935,1771.9858056451474,16.22712484221602,Yes
HU,Hungary,J,Information and communication,2021,13.09,,10.31,,5.59,,7.28,,2.79,,1.42,,4.48,,4.43,,5036.39,91993.0,4,4,54.74753513854315,0,No,Yes,Yes,7002.7,,7229.3,,0.9686553331581204,0.9686553331581204,1.0,5036.39,54.74753513854315,Yes
HU,Hungary,J,Information and communication,2023,14.54,,9.27,,6.01,,5.13,,4.06,,1.13,,5.08,,2.56,,6245.61,99721.0,4,4,62.63084004372198,0,No,Yes,Yes,8818.6,,8291.6,,1.063558299966231,0.9686553331581204,1.0979739269061752,5688.30447331169,57.04219245005255,Yes
HU,Hungary,J,Information and communication,2024,32.88,,22.18,,15.31,,14.02,,11.34,,1.12,,10.71,,6.34,,7017.13,105152.0,4,4,66.73320526475959,0,No,Yes,Yes,9496.4,,8579.9,,1.1068194267998461,0.9686553331581204,1.142634938261546,6141.182774155466,58.40290982725451,Yes
HU,Hungary,L,Real estate activities,2021,2.3,,1.05,,0.0,,1.16,,1.05,,0.55,,0.55,,0.0,,792.54,21065.0,4,4,37.62354616662711,0,No,Yes,Yes,13811.7,,12429.1,,1.1112389473091375,1.1112389473091375,1.0,792.54,37.62354616662711,Yes
HU,Hungary,L,Real estate activities,2023,3.38,,0.38,,0.38,,2.0,,0.0,,0.0,,3.38,,0.0,,1042.5,24007.0,4,4,43.424834423293206,0,No,Yes,Yes,19182.9,,14105.3,,1.3599781642361384,1.1112389473091375,1.2238395419178947,851.8273550520233,35.48245741042293,Yes
HU,Hungary,L,Real estate activities,2024,4.16,,1.88,,0.27,,2.55,,0.13,,0.0,,2.41,,1.74,,1169.53,23873.0,4,4,48.98965358354626,0,No,Yes,Yes,20832.3,,14080.0,,1.4795667613636363,1.1112389473091375,1.331456897678401,878.383672831809,36.7940213978892,Yes
HU,Hungary,M,"Professional, scientific and technical activities",2021,3.71,,1.3,,0.49,,0.77,,0.08,,0.0,,1.47,,0.12,,3472.63,98039.0,4,4,35.42090392598864,0,No,Yes,Yes,8508.0,,8489.7,,1.0021555531997597,1.0021555531997597,1.0,3472.63,35.42090392598864,Yes
HU,Hungary,M,"Professional, scientific and technical activities",2023,5.24,,2.11,,1.07,,2.01,,1.07,,0.5,,1.87,,0.34,,4787.17,111327.0,4,4,43.00097909761334,0,No,Yes,Yes,10596.7,,9171.6,,1.155381830869205,1.0021555531997597,1.1528967006970252,4152.297423616308,37.2982063975164,Yes
HU,Hungary,M,"Professional, scientific and technical activities",2024,17.3,,11.92,,7.98,,7.28,,2.71,,0.19,,3.69,,1.54,,5112.58,111545.0,4,4,45.8342373033305,0,No,Yes,Yes,11152.5,,9393.8,,1.1872192297046988,1.0021555531997597,1.1846656199369983,4315.631275154159,38.68959859387834,Yes
HU,Hungary,N,Administrative and support service activities,2021,4.83,,1.15,,0.97,,1.22,,2.52,,0.64,,1.05,,2.27,,3070.95,169605.0,4,4,18.106482709825773,0,No,Yes,Yes,4909.1,,4856.9,,1.0107475962033396,1.0107475962033396,1.0,3070.95,18.106482709825773,Yes
HU,Hungary,N,Administrative and support service activities,2023,2.89,,1.51,,0.73,,1.0,,0.28,,0.21,,1.33,,0.54,,4577.04,197856.0,4,4,23.13318777292577,0,No,Yes,Yes,6963.3,,5842.8,,1.1917744916820703,1.0107475962033396,1.1791019797214657,3881.801641178836,19.619327395574746,Yes
HU,Hungary,N,Administrative and support service activities,2024,5.63,,3.17,,2.28,,1.66,,1.43,,0.24,,0.91,,1.87,,4767.38,197485.0,4,4,24.140466364534014,0,No,Yes,Yes,7472.2,,5993.3,,1.246758880750171,1.0107475962033396,1.2335017025351909,3864.915622087672,19.570679403942943,Yes
MT,Malta,C,Manufacturing,2021,6.23,,2.73,,0.34,,2.94,,2.31,,0.33,,0.0,,0.94,,872.57,18679.0,4,4,46.713956849938434,0,No,Yes,Yes,1028.8,,984.0,,1.0455284552845527,1.0455284552845527,1.0,872.57,46.713956849938434,Yes
MT,Malta,C,Manufacturing,2023,10.06,,4.64,,2.36,,3.27,,3.33,,1.39,,0.97,,2.33,,1066.71,20664.0,4,4,51.62166085946573,0,No,Yes,Yes,1214.1,,1078.6,,1.1256258112367885,1.0455284552845527,1.0766094462062596,990.8049792418753,47.948363300516604,Yes
MT,Malta,C,Manufacturing,2024,13.66,,5.34,,1.45,,5.6,,4.35,,1.45,,2.54,,1.73,,1080.85,21135.0,4,4,51.14028862077123,0,No,Yes,Yes,1306.9,,1157.9,,1.1286812332671214,1.0455284552845527,1.0795318171995019,1001.2210689666541,47.372655262202706,Yes
MT,Malta,F,Construction,2021,7.62,,2.87,,0.0,,0.73,,0.0,,0.0,,1.3,,1.3,,322.19,9047.0,4,4,35.612910357024425,0,No,Yes,Yes,648.1,,605.0,,1.0712396694214876,1.0712396694214876,1.0,322.19,35.612910357024425,Yes
MT,Malta,F,Construction,2023,9.05,,0.61,,0.0,,0.0,,0.0,,0.72,,1.93,,2.42,,390.38,10836.0,4,4,36.02620893318568,0,No,Yes,Yes,760.5,,574.2,,1.3244514106583072,1.0712396694214876,1.2363726330015057,315.74623182356106,29.13863342779264,Yes
MT,Malta,F,Construction,2024,9.36,,1.6,,0.0,,0.0,,0.0,,1.6,,0.65,,2.49,,418.88000000000005,11225.0,4,4,37.31670378619154,0,No,Yes,Yes,893.6,,669.7,,1.3343288039420635,1.0712396694214876,1.2455931590571647,336.28957975095636,29.958982605875843,Yes
MT,Malta,G,Wholesale and retail trade; repair of motor vehicles and motorcycles,2021,7.12,,3.27,,2.08,,2.67,,2.26,,1.74,,2.7,,3.44,,856.37,22639.0,4,4,37.827200848094,0,No,Yes,Yes,1215.9,,1179.1,,1.0312102451021967,1.0312102451021967,1.0,856.37,37.827200848094,Yes
MT,Malta,G,Wholesale and retail trade; repair of motor vehicles and motorcycles,2023,9.44,,2.87,,1.86,,3.28,,1.62,,1.3,,2.42,,2.71,,1074.92,24452.0,4,4,43.9604122362179,0,No,Yes,Yes,1599.7,,1385.6,,1.154517898383372,1.0312102451021967,1.1195756673935633,960.1137567615021,39.26524442832906,Yes
MT,Malta,G,Wholesale and retail trade; repair of motor vehicles and motorcycles,2024,10.21,,4.96,,1.78,,4.17,,1.37,,1.78,,4.4,,3.13,,1188.84,26467.0,4,4,44.91782219367515,0,No,Yes,Yes,1655.1,,1356.7,,1.2199454558856047,1.0312102451021967,1.1830230175464398,1004.9170492604821,37.96867983755176,Yes
MT,Malta,H,Transportation and storage,2021,15.0,,6.26,,2.42,,5.42,,3.42,,4.55,,4.63,,4.83,,585.62,10459.0,4,4,55.99196863944928,0,No,Yes,Yes,596.4,,722.8,,0.8251245157719979,0.8251245157719979,1.0,585.62,55.99196863944928,Yes
MT,Malta,H,Transportation and storage,2023,16.45,,8.52,,2.66,,6.96,,2.24,,4.72,,4.81,,3.42,,1099.92,12939.0,4,4,85.00811500115928,0,No,Yes,Yes,1045.8,,849.6,,1.2309322033898304,0.8251245157719979,1.4918138776159782,737.3037726111976,56.98305685224496,Yes
MT,Malta,H,Transportation and storage,2024,20.63,,8.7,,6.65,,7.47,,2.51,,7.16,,6.96,,5.48,,1341.3,14495.0,4,4,92.53535701966196,0,No,Yes,Yes,1031.9,,813.4,,1.268625522498156,0.8251245157719979,1.5374958545634927,872.3925960638155,60.185760335551265,Yes
MT,Malta,I,Accommodation and food service activities,2021,7.88,,3.22,,2.49,,2.87,,2.9,,1.81,,3.29,,3.22,,269.02,14061.0,4,4,19.13235189531328,0,No,Yes,Yes,357.5,,356.5,,1.002805049088359,1.002805049088359,1.0,269.02,19.13235189531328,Yes
MT,Malta,I,Accommodation and food service activities,2023,7.55,,2.15,,1.08,,2.42,,1.44,,0.72,,2.42,,2.05,,624.48,18621.0,4,4,33.53632995005639,0,No,Yes,Yes,829.5,,798.7,,1.0385626643295354,1.002805049088359,1.0356575939398023,602.9792121007689,32.38167725153155,Yes
MT,Malta,I,Accommodation and food service activities,2024,9.8,,3.98,,1.92,,3.67,,0.91,,0.97,,4.15,,2.85,,747.1600000000001,21255.0,4,4,35.152199482474714,0,No,Yes,Yes,996.9,,936.9,,1.064040986231188,1.002805049088359,1.0610646478081636,704.1606763013027,33.12917790173149,Yes
MT,Malta,J,Information and communication,2021,25.35,,16.95,,6.7,,11.63,,5.46,,0.0,,7.76,,9.27,,1218.3,8529.0,4,4,142.842068237777,0,No,Yes,Yes,1601.5,,1487.1,,1.0769282496133414,1.0769282496133414,1.0,1218.3,142.842068237777,Yes
MT,Malta,J,Information and communication,2023,35.29,,26.7,,13.53,,20.37,,12.75,,0.65,,13.53,,19.03,,2010.69,10385.0,4,4,193.61482908040443,0,No,Yes,Yes,2394.7,,2195.3,,1.0908304104222655,1.0769282496133414,1.0129090873174842,1985.0646273941202,191.14729199750795,Yes
MT,Malta,J,Information and communication,2024,55.07,,37.0,,23.09,,28.35,,20.03,,0.65,,22.18,,21.86,,2133.2200000000003,10911.0,4,4,195.51095225002297,0,No,Yes,Yes,2653.4,,2375.5,,1.1169858977057463,1.0769282496133414,1.0371962088530848,2056.717891746713,188.4994860000654,Yes
MT,Malta,L,Real estate activities,2021,14.72,,0.0,,0.0,,0.0,,0.0,,0.0,,3.36,,7.69,,108.55,1090.0,4,4,99.58715596330276,0,No,Yes,No,1064.7,,1074.2,,0.9911562092720164,0.9911562092720164,1.0,108.55,99.58715596330276,Yes
MT,Malta,L,Real estate activities,2023,11.76,,2.94,,2.94,,0.0,,0.0,,0.0,,2.94,,2.94,,,1422.0,2,4,,0,No,No,No,1562.0,,1124.7,,1.3888147950564596,0.9911562092720164,1.4012067745370986,,,No
MT,Malta,L,Real estate activities,2024,12.48,,3.12,,3.12,,3.12,,0.0,,0.0,,3.12,,9.36,,,1625.0,2,4,,0,No,No,No,1827.0,,1193.0,,1.531433361274099,0.9911562092720164,1.545097883611005,,,No
MT,Malta,M,"Professional, scientific and technical activities",2021,,,,,,,,,,,,,,,,,705.9399999999999,10775.0,4,4,65.51647331786542,8,No,No,No,1528.9,,1368.9,,1.1168821681642194,1.1168821681642194,1.0,705.9399999999999,65.51647331786542,Yes
MT,Malta,M,"Professional, scientific and technical activities",2023,18.09,,10.1,,5.49,,7.7,,5.33,,0.0,,6.38,,6.04,,995.18,12585.0,4,4,79.07667858561781,0,No,Yes,No,1944.2,,1579.9,,1.2305842141907715,1.1168821681642194,1.1018030811732273,903.2285505503465,71.77024636872044,Yes
MT,Malta,M,"Professional, scientific and technical activities",2024,25.24,,12.24,,5.02,,8.42,,7.0,,0.57,,9.18,,5.56,,1107.92,13454.0,4,4,82.34874386799464,0,No,Yes,No,2134.4,,1662.8,,1.2836179937454897,1.1168821681642194,1.1492868543647072,964.0065017644584,71.65203670019758,Yes
MT,Malta,N,Administrative and support service activities,2021,8.64,,5.12,,2.79,,4.2,,0.95,,0.95,,3.62,,4.15,,476.47,19737.0,4,4,24.140953539038357,0,No,Yes,Yes,1116.9,,1102.8,,1.01278563656148,1.01278563656148,1.0,476.47,24.140953539038357,Yes
MT,Malta,N,Administrative and support service activities,2023,12.39,,6.21,,3.72,,3.57,,1.11,,0.0,,5.35,,3.98,,609.12,25319.0,4,4,24.05782218887002,0,No,Yes,Yes,1542.5,,1417.4,,1.0882601947227317,1.01278563656148,1.0745217501479347,566.8754493951745,22.389330123431993,Yes
MT,Malta,N,Administrative and support service activities,2024,17.05,,7.51,,4.13,,5.98,,3.38,,0.74,,9.54,,4.45,,679.79,26132.0,4,4,26.013699678555028,0,No,Yes,Yes,1659.0,,1601.0,,1.0362273579013117,1.01278563656148,1.0231457877102395,664.411668567139,25.42521309379837,Yes
NL,Netherlands,C,Manufacturing,2021,12.42,,6.01,,2.94,,7.54,,7.2,,3.71,,2.57,,4.43,,83402.51000000001,626825.0,4,4,133.0554939576437,0,No,Yes,Yes,95886.0,,95257.0,,1.0066031892669305,1.0066031892669305,1.0,83402.51000000001,133.0554939576437,Yes
NL,Netherlands,C,Manufacturing,2023,11.74,,5.31,,3.31,,5.43,,3.86,,2.53,,1.88,,2.96,,92618.84,659945.0,4,4,140.34327103016162,0,No,Yes,Yes,109965.0,,98250.0,,1.1192366412213741,1.0066031892669305,1.1118945907934885,83298.21978349927,126.2199422429131,Yes
NL,Netherlands,C,Manufacturing,2024,18.03,,9.92,,5.03,,4.73,,4.64,,2.14,,5.24,,3.5,,100171.11,664614.0,4,4,150.72073414041836,0,No,Yes,Yes,116952.0,,101723.8,,1.1497014464658222,1.0066031892669305,1.1421595507789961,87703.25470874844,131.96119056888426,Yes
NL,Netherlands,F,Construction,2021,7.39,,2.96,,1.0,,2.91,,1.48,,0.87,,1.36,,2.58,,23366.78,268668.0,4,4,86.97269492459094,0,No,Yes,Yes,41332.0,,40009.0,,1.0330675597990453,1.0330675597990453,1.0,23366.78,86.97269492459094,Yes
NL,Netherlands,F,Construction,2023,4.72,,2.26,,1.04,,2.14,,1.34,,0.54,,0.92,,1.55,,27142.91,280957.0,4,4,96.60876931345366,0,No,Yes,Yes,48484.0,,43778.1,,1.1074943864626376,1.0330675597990453,1.0720444911444804,25318.827925717054,90.1163805340926,Yes
NL,Netherlands,F,Construction,2024,8.88,,4.18,,2.38,,1.43,,1.22,,0.2,,2.23,,2.73,,28704.2,282665.0,4,4,101.54847611129784,0,No,Yes,Yes,51148.0,,41272.4,,1.239278549345325,1.0330675597990453,1.1996103619654772,23927.936028303546,84.65121620399961,Yes
NL,Netherlands,G,Wholesale and retail trade; repair of motor vehicles and motorcycles,2021,12.04,,6.08,,3.34,,5.95,,4.0,,4.0,,6.5,,4.4,,86932.20999999999,1168414.0,4,4,74.40189008348067,0,No,Yes,Yes,117519.0,,113250.0,,1.0376953642384106,1.0376953642384106,1.0,86932.20999999999,74.40189008348067,Yes
NL,Netherlands,G,Wholesale and retail trade; repair of motor vehicles and motorcycles,2023,12.99,,6.93,,3.95,,4.46,,2.61,,2.41,,5.91,,3.68,,90016.22,1204774.0,4,4,74.71627043744304,0,No,Yes,Yes,124979.0,,110450.6,,1.131537538048684,1.0376953642384106,1.0904332591667174,82550.87529959258,68.51980147280119,Yes
NL,Netherlands,G,Wholesale and retail trade; repair of motor vehicles and motorcycles,2024,23.15,,12.53,,6.5,,4.87,,3.41,,1.73,,12.52,,4.17,,92810.24,1211053.0,4,4,76.635985378014,0,No,Yes,Yes,129469.0,,111927.3,,1.1567240521302666,1.0376953642384106,1.114704846907757,83259.92325005127,68.75002435900927,Yes
NL,Netherlands,H,Transportation and storage,2021,11.48,,5.05,,2.81,,4.73,,2.8,,5.03,,1.05,,4.26,,29546.91,356098.0,4,4,82.97409701823655,0,No,Yes,Yes,34289.0,,33949.0,,1.0100150225338007,1.0100150225338007,1.0,29546.91,82.97409701823655,Yes
NL,Netherlands,H,Transportation and storage,2023,9.06,,4.15,,2.78,,4.66,,2.52,,3.51,,2.38,,3.46,,36041.37,372039.0,4,4,96.87524694991652,0,No,Yes,Yes,45597.0,,38609.3,,1.1809848922409885,1.0100150225338007,1.1692745809644294,30823.700939665276,82.85072516501029,Yes
NL,Netherlands,H,Transportation and storage,2024,10.99,,5.57,,3.21,,4.11,,2.51,,2.9,,2.47,,2.66,,37485.98,372841.0,4,4,100.54146405572348,0,No,Yes,Yes,47235.0,,39374.8,,1.199625140953097,1.0100150225338007,1.187729998256487,31561.028226134782,84.65010078326895,Yes
NL,Netherlands,I,Accommodation and food service activities,2021,4.96,,1.23,,0.41,,2.28,,1.33,,0.91,,3.11,,1.59,,5998.79,246394.0,4,4,24.34633148534461,0,No,Yes,Yes,10087.0,,9911.0,,1.0177580466148723,1.0177580466148723,1.0,5998.79,24.34633148534461,Yes
NL,Netherlands,I,Accommodation and food service activities,2023,5.91,,2.23,,1.62,,2.07,,0.48,,0.25,,0.98,,0.17,,10634.0,327515.0,4,4,32.468741889684445,0,No,Yes,Yes,18887.0,,16860.7,,1.1201788775080512,1.0177580466148723,1.1006337716845738,9661.706076603614,29.50004145337958,Yes
NL,Netherlands,I,Accommodation and food service activities,2024,9.04,,4.22,,1.49,,1.17,,0.98,,1.0,,4.56,,1.06,,11214.34,330113.0,4,4,33.97121591697388,0,No,Yes,Yes,20219.0,,16324.2,,1.238590558802269,1.0177580466148723,1.2169793822037562,9214.897280915813,27.91437259640127,Yes
NL,Netherlands,J,Information and communication,2021,32.05,,19.67,,12.03,,14.83,,9.44,,2.44,,11.88,,11.54,,29196.28,250868.0,4,4,116.38104501171932,0,No,Yes,Yes,39019.0,,38975.0,,1.0011289288005132,1.0011289288005132,1.0,29196.28,116.38104501171932,Yes
NL,Netherlands,J,Information and communication,2023,36.97,,24.39,,15.77,,15.97,,10.92,,2.24,,14.46,,12.95,,35370.09,275004.0,4,4,128.61663830344287,0,No,Yes,Yes,47186.0,,45397.8,,1.0393895739441117,1.0011289288005132,1.0382175003068186,34068.0926583758,123.88217138069193,Yes
NL,Netherlands,J,Information and communication,2024,58.03,,42.48,,28.97,,24.32,,17.08,,2.74,,23.36,,17.72,,38685.72,273761.0,4,4,141.31202033890875,0,No,Yes,Yes,51015.0,,47394.1,,1.0763998050390238,1.0011289288005132,1.0751859966015518,35980.490931129905,131.43030209244523,Yes
NL,Netherlands,L,Real estate activities,2021,16.76,,7.27,,4.42,,9.5,,1.53,,0.0,,2.76,,3.36,,12957.43,44736.0,4,4,289.64212267525033,0,No,Yes,Yes,50712.0,,48504.0,,1.045522018802573,1.045522018802573,1.0,12957.43,289.64212267525033,Yes
NL,Netherlands,L,Real estate activities,2023,21.01,,9.01,,1.61,,10.67,,3.08,,0.41,,2.36,,3.56,,11529.98,46662.0,4,4,247.0957095709571,0,No,Yes,Yes,75564.0,,50148.1,,1.5068168086128886,1.045522018802573,1.441210019028229,8000.208052796059,171.45017472024472,Yes
NL,Netherlands,L,Real estate activities,2024,27.96,,12.78,,6.59,,7.48,,5.2,,0.18,,11.27,,6.29,,11885.47,47693.0,4,4,249.20785020862604,0,No,Yes,Yes,79779.0,,50920.6,,1.56673330636324,1.045522018802573,1.4985177530336529,7931.484279007459,166.30290145319984,Yes
NL,Netherlands,M,"Professional, scientific and technical activities",2021,20.05,,10.52,,5.88,,8.97,,7.49,,1.67,,4.51,,5.95,,34382.06,372181.0,4,4,92.37994416695102,0,No,Yes,Yes,74731.0,,73919.0,,1.0109849970914109,1.0109849970914109,1.0,34382.06,92.37994416695102,Yes
NL,Netherlands,M,"Professional, scientific and technical activities",2023,24.8,,13.76,,7.54,,8.17,,5.87,,0.93,,5.76,,6.9,,39388.96,409596.0,4,4,96.1653922401586,0,No,Yes,Yes,87475.0,,80877.5,,1.0815739853482118,1.0109849970914109,1.0698219938573612,36818.23726391973,89.88915239387038,Yes
NL,Netherlands,M,"Professional, scientific and technical activities",2024,39.78,,25.65,,13.78,,10.82,,9.1,,1.52,,10.12,,7.9,,41805.43,409594.0,4,4,102.0655331865213,0,No,Yes,Yes,91744.0,,81247.4,,1.1291930572547553,1.0109849970914109,1.1169236541624528,37429.08465068602,91.38093978594907,Yes
NL,Netherlands,N,Administrative and support service activities,2021,10.6,,5.31,,3.17,,5.69,,2.41,,1.17,,4.45,,3.29,,44398.15,879257.0,4,4,50.49507709350053,0,No,Yes,Yes,56303.0,,55337.0,,1.01745667455771,1.01745667455771,1.0,44398.15,50.49507709350053,Yes
NL,Netherlands,N,Administrative and support service activities,2023,12.19,,6.06,,3.08,,5.57,,1.75,,0.83,,3.49,,3.89,,55713.880000000005,868562.0,4,4,64.14496604732881,0,No,Yes,Yes,68504.0,,58464.6,,1.1717175863685034,1.01745667455771,1.1516142315129545,48378.943638795485,55.7000463280635,Yes
NL,Netherlands,N,Administrative and support service activities,2024,22.57,,13.18,,6.34,,5.73,,2.78,,0.66,,8.87,,3.32,,58971.71000000001,883054.0,4,4,66.78154450350715,0,No,Yes,Yes,72389.0,,58062.6,,1.2467405868838117,1.01745667455771,1.225350049844404,48126.41906489356,54.4999728950818,Yes
AT,Austria,C,Manufacturing,2021,9.61,,5.3,,1.52,,3.04,,5.3,,1.84,,0.86,,2.18,,64644.46,645296.0,4,4,100.17799583446975,0,No,Yes,Yes,68975.9,,69818.1,,0.9879372254472693,0.9879372254472693,1.0,64644.46,100.17799583446975,Yes
AT,Austria,C,Manufacturing,2023,12.31,,5.69,,2.68,,3.92,,4.99,,1.74,,1.91,,4.22,,69258.07,674191.0,4,4,102.72766916200304,0,No,Yes,Yes,76173.9,,73144.4,,1.0414180716500512,0.9879372254472693,1.054133850638708,65701.4002140582,97.45220599808985,Yes
AT,Austria,C,Manufacturing,2024,22.71,,11.59,,5.85,,3.97,,5.54,,1.49,,9.78,,4.67,,69565.64,667179.0,4,4,104.2683297885575,0,No,Yes,Yes,74774.0,,69025.4,,1.0832823859043195,0.9879372254472693,1.096509330756197,63442.816261330605,95.09114684564503,Yes
AT,Austria,F,Construction,2021,3.12,,0.74,,0.03,,0.11,,0.5,,0.03,,0.62,,0.06,,18380.1,259899.0,4,4,70.72016437154433,0,No,Yes,Yes,24531.2,,22582.3,,1.0863021038601028,1.0863021038601028,1.0,18380.1,70.72016437154433,Yes
AT,Austria,F,Construction,2023,4.28,,1.23,,0.61,,0.67,,0.77,,0.23,,0.72,,1.38,,20975.38,263223.0,4,4,79.68672950312093,0,No,Yes,Yes,28395.0,,20058.4,,1.4156164001116738,1.0863021038601028,1.3031516693941532,16095.885454186344,61.14923640482155,Yes
AT,Austria,F,Construction,2024,7.35,,3.39,,2.29,,1.5,,1.11,,,,3.17,,0.99,,22356.23,256805.0,4,4,87.05527540351629,1,No,Yes,Yes,28435.6,,19220.3,,1.4794566161818494,1.0863021038601028,1.3619200505317057,16415.229360395955,63.92098814429609,Yes
AT,Austria,G,Wholesale and retail trade; repair of motor vehicles and motorcycles,2021,6.94,,3.76,,1.32,,2.72,,0.67,,0.74,,3.36,,0.69,,36586.41,522222.0,4,4,70.05911279111183,0,No,Yes,Yes,45801.0,,43579.6,,1.050973391219745,1.050973391219745,1.0,36586.41,70.05911279111183,Yes
AT,Austria,G,Wholesale and retail trade; repair of motor vehicles and motorcycles,2023,8.35,,4.11,,1.91,,2.6,,2.76,,1.21,,3.15,,3.18,,39349.48,534866.0,4,4,73.56885649863703,0,No,Yes,Yes,48312.8,,40554.5,,1.1913055271301582,1.050973391219745,1.133525869525151,34714.23198879794,64.90267092841559,Yes
AT,Austria,G,Wholesale and retail trade; repair of motor vehicles and motorcycles,2024,15.67,,7.79,,5.15,,4.06,,2.63,,0.81,,8.39,,3.34,,38531.1,530977.0,4,4,72.56642001442624,0,No,Yes,Yes,47559.3,,39318.4,,1.2095939814438024,1.050973391219745,1.1509273132405042,33478.30880085155,63.05039352147372,Yes
AT,Austria,H,Transportation and storage,2021,6.98,,3.9,,1.44,,1.38,,1.2,,1.67,,2.53,,1.5,,13410.4,180857.0,4,4,74.14918969130308,0,No,Yes,Yes,17736.8,,17620.5,,1.006600266734769,1.006600266734769,1.0,13410.4,74.14918969130308,Yes
AT,Austria,H,Transportation and storage,2023,8.31,,4.74,,2.12,,4.2,,2.54,,1.46,,1.87,,2.51,,17271.93,193084.0,4,4,89.45293240247767,0,No,Yes,Yes,22831.6,,21055.6,,1.0843481069169247,1.006600266734769,1.077238048460245,16033.531330134234,83.03915047406431,Yes
AT,Austria,H,Transportation and storage,2024,13.48,,7.04,,3.91,,3.54,,2.62,,1.12,,4.56,,2.82,,17820.73,194670.0,4,4,91.54327836852109,0,No,Yes,Yes,23971.1,,20741.6,,1.155701585220041,1.006600266734769,1.1481236628010538,15521.611980823676,79.73294283055262,Yes
AT,Austria,I,Accommodation and food service activities,2021,3.31,,1.3,,0.68,,0.03,,0.14,,0.03,,3.06,,0.03,,6008.07,153057.0,4,4,39.25380740508438,0,No,Yes,Yes,8328.4,,7478.4,,1.113660676080445,1.113660676080445,1.0,6008.07,39.25380740508438,Yes
AT,Austria,I,Accommodation and food service activities,2023,3.63,,1.84,,0.91,,0.59,,0.7,,,,2.25,,0.51,,9478.52,202648.0,4,4,46.77332122695511,1,No,Yes,Yes,17696.2,,14345.3,,1.2335887015259355,1.113660676080445,1.107688120826516,8557.029566162973,42.22607460307021,Yes
AT,Austria,I,Accommodation and food service activities,2024,15.87,,7.48,,3.68,,2.14,,3.37,,0.35,,11.31,,1.93,,10376.82,204939.0,4,4,50.63370075973826,0,No,Yes,Yes,19115.7,,14298.0,,1.336949223667646,1.113660676080445,1.2004996246909518,8643.751140423168,42.17718999518475,Yes
AT,Austria,J,Information and communication,2021,30.27,,20.87,,13.31,,10.43,,7.87,,3.21,,10.25,,4.34,,10603.37,94810.0,4,4,111.83809724712584,0,No,Yes,Yes,15276.3,,15222.2,,1.0035540197868902,1.0035540197868902,1.0,10603.37,111.83809724712584,Yes
AT,Austria,J,Information and communication,2023,37.05,,24.48,,16.51,,13.49,,15.05,,1.62,,15.02,,8.19,,11865.62,104763.0,4,4,113.26155226558993,0,No,Yes,Yes,16885.9,,16708.9,,1.0105931569403133,1.0035540197868902,1.0070142085175622,11782.971778985644,112.4726456762945,Yes
AT,Austria,J,Information and communication,2024,60.74,,44.7,,29.34,,21.74,,19.88,,1.67,,28.58,,13.12,,12901.09,102161.0,4,4,126.28194712267891,0,No,Yes,Yes,17436.3,,16995.7,,1.0259242043575727,1.0035540197868902,1.0222909620504863,12619.782898327994,123.52838067685316,Yes
AT,Austria,L,Real estate activities,2021,5.51,,4.89,,4.89,,4.26,,0.0,,4.26,,0.0,,0.0,,4666.26,27706.0,4,4,168.42055872374215,0,No,Yes,Yes,35461.4,,35377.2,,1.00238006399602,1.00238006399602,1.0,4666.26,168.42055872374215,Yes
AT,Austria,L,Real estate activities,2023,10.02,,4.64,,2.65,,3.02,,5.51,,,,3.3,,1.43,,4584.7300000000005,29822.0,4,4,153.7365032526323,1,No,Yes,Yes,40253.1,,36761.9,,1.0949678879492082,1.00238006399602,1.0923679822442636,4197.056371590735,140.7369181004203,Yes
AT,Austria,L,Real estate activities,2024,24.54,,12.87,,4.64,,5.96,,2.87,,,,15.22,,4.71,,5068.25,30072.0,4,4,168.53717744080873,1,No,Yes,Yes,43713.2,,37155.8,,1.1764838867686873,1.00238006399602,1.1736904284374898,4318.21703338525,143.5959375294377,Yes
AT,Austria,M,"Professional, scientific and technical activities",2021,20.93,,10.3,,4.43,,5.89,,2.14,,0.42,,3.82,,3.06,,9666.95,124182.0,4,4,77.84501779646004,0,No,Yes,Yes,20966.3,,20768.2,,1.0095386215464026,1.0095386215464026,1.0,9666.95,77.84501779646004,Yes
AT,Austria,M,"Professional, scientific and technical activities",2023,25.82,,16.09,,8.78,,9.03,,9.22,,0.75,,4.45,,6.08,,11604.61,138322.0,4,4,83.89562036407803,0,No,Yes,Yes,23957.9,,22536.2,,1.0630851696381822,1.0095386215464026,1.0530406137506234,11020.09727684459,79.66988097948692,Yes
AT,Austria,M,"Professional, scientific and technical activities",2024,39.59,,27.23,,14.11,,11.19,,14.42,,0.55,,14.01,,5.99,,12435.08,139124.0,4,4,89.3812713838015,0,No,Yes,Yes,25067.5,,22274.2,,1.125405177290318,1.0095386215464026,1.1147717910647459,11154.821192706133,80.17898560065936,Yes
AT,Austria,N,Administrative and support service activities,2021,6.48,,4.19,,1.61,,1.52,,2.42,,0.07,,1.29,,1.72,,10616.19,210691.0,4,4,50.38748688838157,0,No,Yes,Yes,15829.0,,15663.2,,1.0105853210072016,1.0105853210072016,1.0,10616.19,50.38748688838157,Yes
AT,Austria,N,Administrative and support service activities,2023,7.78,,3.48,,2.38,,2.27,,2.89,,1.15,,3.9,,1.74,,12204.53,214608.0,4,4,56.8689424438977,0,No,Yes,Yes,18693.3,,16829.4,,1.1107526115013011,1.0105853210072016,1.0991180936551381,11103.929660018246,51.74052067033029,Yes
AT,Austria,N,Administrative and support service activities,2024,19.57,,9.43,,5.1,,3.44,,4.86,,0.58,,8.58,,3.73,,12928.59,204175.0,4,4,63.32112158687401,0,No,Yes,Yes,19216.0,,16341.0,,1.175937825102503,1.0105853210072016,1.1636205282800889,11110.658230745847,54.41732940245303,Yes
PL,Poland,C,Manufacturing,2021,2.33,,0.77,,0.39,,1.26,,1.31,,0.5,,0.41,,0.4,,90359.98,2466686.0,4,4,36.63213720757324,0,No,Yes,Yes,100862.8,,85519.0,,1.1794197780610156,1.1794197780610156,1.0,90359.98,36.63213720757324,Yes
PL,Poland,C,Manufacturing,2023,2.86,,1.05,,0.52,,1.44,,1.44,,0.78,,0.65,,1.13,,106099.68,2467478.0,4,4,42.99924052007759,0,No,Yes,Yes,131271.2,,100740.9,,1.303057645901516,1.1794197780610156,1.1048294001341599,96032.63633925407,38.91934855721271,Yes
PL,Poland,C,Manufacturing,2024,5.13,,2.23,,1.17,,2.39,,1.81,,0.71,,1.62,,1.77,,114177.36,2419774.0,4,4,47.1851338182822,0,No,Yes,Yes,136411.8,,101506.6,,1.3438712359590408,1.1794197780610156,1.1394342039679766,100205.31207715871,41.41102106112336,Yes
PL,Poland,F,Construction,2021,0.35,,0.04,,0.01,,0.13,,0.02,,0.01,,0.02,,0.12,,14598.83,467846.0,4,4,31.204349294425946,0,No,Yes,Yes,35558.6,,40826.2,,0.8709750111448041,0.8709750111448041,1.0,14598.83,31.204349294425946,Yes
PL,Poland,F,Construction,2023,1.23,,0.5,,0.22,,0.68,,0.2,,0.36,,0.12,,0.56,,19182.15,450269.0,4,4,42.6015337498251,0,No,Yes,Yes,46816.6,,41837.9,,1.1189997585920899,0.8709750111448041,1.2847667777761884,14930.453006577984,33.15896276798532,Yes
PL,Poland,F,Construction,2024,2.01,,1.08,,0.16,,0.59,,0.31,,0.47,,0.42,,0.67,,20710.18,448319.0,4,4,46.19518690932127,0,No,Yes,Yes,53103.3,,39423.8,,1.3469858308940283,0.8709750111448041,1.5465263798137658,13391.41722399455,29.870287058979322,Yes
PL,Poland,G,Wholesale and retail trade; repair of motor vehicles and motorcycles,2021,3.1,,0.94,,0.59,,1.21,,0.42,,0.56,,2.23,,0.57,,49359.15,1423786.0,4,4,34.66753430641965,0,No,Yes,Yes,81039.4,,81898.5,,0.98951018638925,0.98951018638925,1.0,49359.15,34.66753430641965,Yes
PL,Poland,G,Wholesale and retail trade; repair of motor vehicles and motorcycles,2023,3.99,,1.8,,0.48,,2.52,,0.69,,0.42,,2.41,,0.73,,59440.66,1457837.0,4,4,40.77318657710018,0,No,Yes,Yes,97097.3,,84346.2,,1.1511757494706343,0.98951018638925,1.163379382350076,51093.10075611563,35.04719715312179,Yes
PL,Poland,G,Wholesale and retail trade; repair of motor vehicles and motorcycles,2024,5.54,,2.39,,1.15,,2.26,,0.94,,0.36,,3.1,,1.82,,66015.53,1472056.0,4,4,44.84580070323412,0,No,Yes,Yes,106428.1,,86428.3,,1.2314033713494308,0.98951018638925,1.244457498555781,53047.63728501167,36.03642611762845,Yes
PL,Poland,H,Transportation and storage,2021,1.85,,0.5,,0.04,,0.7,,0.24,,0.45,,0.33,,0.24,,15636.52,590433.0,4,4,26.48314033937805,0,No,Yes,Yes,31635.4,,35224.8,,0.8981002021303173,0.8981002021303173,1.0,15636.52,26.48314033937805,Yes
PL,Poland,H,Transportation and storage,2023,1.84,,0.44,,0.17,,0.47,,0.68,,0.51,,0.63,,0.59,,24042.91,618623.0,4,4,38.86520546439431,0,No,Yes,Yes,48276.3,,38472.9,,1.2548131282019293,0.8981002021303173,1.397186110442331,17208.094054405054,27.816770560430268,Yes
PL,Poland,H,Transportation and storage,2024,2.46,,1.17,,0.34,,0.96,,0.52,,0.9,,0.75,,1.02,,25633.79,605483.0,4,4,42.3361019219367,0,No,Yes,Yes,53177.1,,39001.4,,1.3634664396662683,0.8981002021303173,1.5181673898214143,16884.6928025607,27.8863201816743,Yes
PL,Poland,I,Accommodation and food service activities,2021,0.99,,0.5,,0.0,,0.38,,0.0,,0.0,,0.84,,0.45,,2330.75,142875.0,4,4,16.31321084864392,0,No,Yes,Yes,6748.7,,6400.2,,1.054451423393019,1.054451423393019,1.0,2330.75,16.31321084864392,Yes
PL,Poland,I,Accommodation and food service activities,2023,1.65,,0.52,,0.08,,0.72,,0.05,,0.03,,1.2,,0.47,,4574.05,160432.0,4,4,28.510833250224398,0,No,Yes,Yes,11211.6,,7048.8,,1.59056860742254,1.054451423393019,1.5084323204803505,3032.32033542176,18.90096947879326,Yes
PL,Poland,I,Accommodation and food service activities,2024,2.43,,0.88,,0.24,,0.56,,0.14,,0.02,,1.89,,0.29,,5426.7,164775.0,4,4,32.93400091033227,0,No,Yes,Yes,13267.7,,7290.3,,1.8199113891060725,1.054451423393019,1.725931938381716,3144.214368666375,19.081865384107875,Yes
PL,Poland,J,Information and communication,2021,16.35,,10.16,,7.01,,9.61,,4.81,,1.03,,6.17,,3.36,,15880.24,272134.0,4,4,58.354487127665045,0,No,Yes,Yes,25135.4,,26193.8,,0.9595934915896129,0.9595934915896129,1.0,15880.24,58.354487127665045,Yes
PL,Poland,J,Information and communication,2023,17.56,,9.77,,4.59,,9.14,,7.82,,1.16,,7.97,,4.49,,20775.88,307629.0,4,4,67.53550543024227,0,No,Yes,Yes,33532.4,,27879.8,,1.2027489436796535,0.9595934915896129,1.2533942280988606,16575.69464917092,53.882093850615256,Yes
PL,Poland,J,Information and communication,2024,32.63,,19.57,,11.96,,13.42,,14.84,,2.14,,13.73,,12.08,,23825.47,304609.0,4,4,78.21656615530073,0,No,Yes,Yes,36712.8,,28374.1,,1.2938842113053808,0.9595934915896129,1.3483670144135713,17669.870106072063,58.00836517001159,Yes
PL,Poland,L,Real estate activities,2021,1.76,,0.61,,0.18,,0.53,,0.14,,0.0,,0.08,,1.11,,4665.67,93560.0,4,4,49.86821291150064,0,No,Yes,Yes,32032.6,,31695.0,,1.0106515223221328,1.0106515223221328,1.0,4665.67,49.86821291150064,Yes
PL,Poland,L,Real estate activities,2023,2.39,,1.02,,0.04,,1.08,,0.26,,0.0,,0.83,,1.15,,5896.389999999999,93714.0,4,4,62.91898755788888,0,No,Yes,Yes,39695.5,,33241.7,,1.1941477120604542,1.0106515223221328,1.1815622751121075,4990.333666027502,53.250674029787454,Yes
PL,Poland,L,Real estate activities,2024,4.02,,1.39,,0.48,,1.01,,0.59,,0.04,,1.61,,1.37,,7087.24,96779.0,4,4,73.23117618491615,0,No,Yes,Yes,44351.3,,33990.1,,1.3048299357754172,1.0106515223221328,1.291077989748002,5489.397275979677,56.720954711039354,Yes
PL,Poland,M,"Professional, scientific and technical activities",2021,6.48,,2.67,,1.02,,4.06,,1.05,,0.21,,1.58,,1.15,,9212.45,258857.0,4,4,35.588954519290574,0,No,Yes,Yes,28697.8,,30744.8,,0.9334196351903411,0.9334196351903411,1.0,9212.45,35.588954519290574,Yes
PL,Poland,M,"Professional, scientific and technical activities",2023,9.05,,2.95,,1.23,,5.12,,2.75,,0.1,,2.78,,2.1,,11506.5,275939.0,4,4,41.69943357046304,0,No,Yes,Yes,38394.1,,33195.8,,1.156595111429759,0.9334196351903411,1.2390944735096647,9286.216867232482,33.653151121198825,Yes
PL,Poland,M,"Professional, scientific and technical activities",2024,14.45,,7.43,,4.43,,7.3,,4.98,,0.37,,5.3,,4.8,,13158.99,275601.0,4,4,47.74652486747145,0,No,Yes,Yes,41446.7,,34002.3,,1.2189381306558673,0.9334196351903411,1.3058843897228536,10076.688337466625,36.562597151195476,Yes
PL,Poland,N,Administrative and support service activities,2021,4.16,,1.9,,0.62,,2.35,,0.66,,0.05,,2.09,,1.37,,9740.31,435869.0,4,4,22.34687486377788,0,No,Yes,Yes,15888.5,,16320.5,,0.9735302227260194,0.9735302227260194,1.0,9740.31,22.34687486377788,Yes
PL,Poland,N,Administrative and support service activities,2023,4.8,,2.76,,1.05,,2.42,,2.62,,0.49,,1.72,,1.68,,12310.93,415412.0,4,4,29.635470328252435,0,No,Yes,Yes,20624.4,,17346.2,,1.1889866368426514,0.9735302227260194,1.2213145612606913,10080.06486657471,24.265223119637156,Yes
PL,Poland,N,Administrative and support service activities,2024,7.72,,4.18,,1.71,,3.77,,3.81,,1.11,,3.07,,2.2,,14785.509999999998,405660.0,4,4,36.44803530049795,0,No,Yes,Yes,23634.4,,17538.1,,1.3476032181365145,0.9735302227260194,1.3842438443904073,10681.290048655579,26.3306464740314,Yes
PT,Portugal,C,Manufacturing,2021,8.58,,2.87,,0.91,,2.75,,4.22,,1.41,,1.41,,3.21,,22846.78,607323.0,4,4,37.618828860425175,0,No,Yes,Yes,26938.2,,25470.3,,1.0576318300137808,1.0576318300137808,1.0,22846.78,37.618828860425175,Yes
PT,Portugal,C,Manufacturing,2023,8.74,,2.57,,1.27,,2.62,,4.76,,1.76,,0.92,,2.69,,27318.07,629997.0,4,4,43.362222359789016,0,No,Yes,Yes,32661.2,,26318.4,,1.2410024925527388,1.0576318300137808,1.173378539993987,23281.549021801606,36.95501569341061,Yes
PT,Portugal,C,Manufacturing,2024,6.78,,3.53,,1.53,,2.56,,2.8,,1.31,,0.8,,1.94,,27758.04,627208.0,4,4,44.256514585273145,0,No,Yes,Yes,34043.5,p,26506.0,p,1.2843695766996153,1.0576318300137808,1.2143824913844359,22857.74061873613,36.443636909503915,Yes
PT,Portugal,F,Construction,2021,1.06,,0.45,,0.0,,0.43,,0.45,,0.02,,0.11,,0.15,,5847.78,209074.0,4,4,27.96990539234912,0,No,Yes,Yes,8695.7,,8897.6,,0.9773084876820716,0.9773084876820716,1.0,5847.78,27.96990539234912,Yes
PT,Portugal,F,Construction,2023,2.92,,0.08,,0.05,,0.08,,0.09,,0.0,,0.02,,0.12,,7696.98,242629.0,4,4,31.723248251445625,0,No,Yes,Yes,11547.6,,9782.8,,1.180398249989778,0.9773084876820716,1.2078051760190724,6372.699962562883,26.265203098404907,Yes
PT,Portugal,F,Construction,2024,2.74,,2.52,,0.12,,0.21,,0.17,,0.02,,1.16,,0.23,,8758.12,262824.0,4,4,33.323136395458555,0,No,Yes,Yes,12779.3,p,10012.4,p,1.2763473293116536,0.9773084876820716,1.3059820367863852,6706.156557521269,25.51576932670254,Yes
PT,Portugal,G,Wholesale and retail trade; repair of motor vehicles and motorcycles,2021,6.63,,3.62,,0.64,,2.4,,1.74,,1.4,,2.49,,2.88,,15611.9,440917.0,4,4,35.40779783950267,0,No,Yes,Yes,23942.5,,24365.6,,0.982635354762452,0.982635354762452,1.0,15611.9,35.40779783950267,Yes
PT,Portugal,G,Wholesale and retail trade; repair of motor vehicles and motorcycles,2023,6.94,,2.32,,1.4,,3.98,,0.72,,0.32,,2.44,,3.05,,19291.39,481487.0,4,4,40.06627385578427,0,No,Yes,Yes,28298.9,,25161.3,,1.1246994392181644,0.982635354762452,1.1445745705842791,16854.63795526419,35.005385306901715,Yes
PT,Portugal,G,Wholesale and retail trade; repair of motor vehicles and motorcycles,2024,5.77,,2.77,,2.2,,1.93,,0.57,,0.79,,2.91,,1.31,,20695.84,498119.0,4,4,41.54798351397959,0,No,Yes,Yes,30188.6,p,25670.7,p,1.1759944216558176,0.982635354762452,1.196776012542424,17292.993662225796,34.71659114032148,Yes
PT,Portugal,H,Transportation and storage,2021,7.38,,2.75,,0.91,,4.54,,1.5,,0.8,,1.88,,2.42,,5211.6900000000005,134911.0,4,4,38.630578677795,0,No,Yes,Yes,7775.4,,7967.2,,0.9759262978210663,0.9759262978210663,1.0,5211.6900000000005,38.630578677795,Yes
PT,Portugal,H,Transportation and storage,2023,8.26,,2.66,,0.42,,3.03,,0.47,,0.28,,0.42,,4.75,,8358.880000000001,148274.0,4,4,56.37454981992798,0,No,Yes,Yes,11645.7,,10325.9,,1.12781452464192,0.9759262978210663,1.155634935916751,7233.149275959717,48.782317034407356,Yes
PT,Portugal,H,Transportation and storage,2024,4.9,,3.52,,0.72,,1.0,,0.52,,0.47,,0.66,,1.99,,8893.130000000001,156393.0,4,4,56.8639900762822,0,No,Yes,Yes,12401.7,p,10815.7,p,1.1466386826557688,0.9759262978210663,1.1749234396243333,7569.114463188737,48.39803867940853,Yes
PT,Portugal,I,Accommodation and food service activities,2021,4.4,,0.18,,0.1,,2.47,,0.1,,0.6,,2.95,,0.18,,3144.73,171603.0,4,4,18.32561202309983,0,No,Yes,Yes,7913.7,,7172.2,,1.1033852932154709,1.1033852932154709,1.0,3144.73,18.32561202309983,Yes
PT,Portugal,I,Accommodation and food service activities,2023,5.26,,2.48,,0.5,,1.94,,0.36,,0.08,,3.26,,0.99,,6579.13,238960.0,4,4,27.532348510210912,0,No,Yes,Yes,14861.4,,11360.1,,1.3082103150500435,1.1033852932154709,1.1856332716178175,5549.042994570033,23.221639582231475,Yes
PT,Portugal,I,Accommodation and food service activities,2024,6.58,,2.81,,1.91,,1.98,,1.27,,0.32,,3.29,,1.47,,7395.88,257603.0,4,4,28.710379925699623,0,No,Yes,Yes,16236.2,p,11410.3,p,1.4229424292086976,1.1033852932154709,1.2896151851562,5734.951080856108,22.2627495831031,Yes
PT,Portugal,J,Information and communication,2021,,,15.3,,9.31,,10.42,,7.16,,1.44,,,,12.37,,7362.09,110394.0,4,4,66.68922224033915,2,No,No,No,8499.8,,8318.3,,1.0218193621292813,1.0218193621292813,1.0,7362.09,66.68922224033915,Yes
PT,Portugal,J,Information and communication,2023,29.79,,24.41,,18.01,,16.89,,9.47,,1.72,,11.1,,14.86,,9926.06,136196.0,4,4,72.88070134218333,0,No,Yes,No,11230.9,,9706.7,,1.1570255596649734,1.0218193621292813,1.132319079620832,8766.133308752367,64.36410253423279,Yes
PT,Portugal,J,Information and communication,2024,52.45,,40.88,,26.15,,28.75,,20.27,,3.16,,22.18,,17.56,,10921.09,143088.0,4,4,76.32428994744492,0,No,Yes,No,12557.2,p,10130.7,p,1.239519480391286,1.0218193621292813,1.2130514710627112,9002.989782809811,62.91925097010099,Yes
PT,Portugal,L,Real estate activities,2021,3.58,,1.66,,0.24,,1.08,,0.24,,0.24,,0.24,,0.48,,,,2,2,,0,No,No,No,24399.8,,23644.2,,1.0319570973008179,1.0319570973008179,1.0,,,No
PT,Portugal,L,Real estate activities,2023,7.52,,5.27,,0.4,,2.3,,0.4,,0.4,,6.6,,0.58,,849.3,14241.0,4,4,59.637665894249,0,No,Yes,No,24767.1,,24297.2,,1.0193396769998189,1.0319570973008179,0.9877733092451216,859.8126635442842,60.37586289897368,Yes
PT,Portugal,L,Real estate activities,2024,,,1.11,,0.8,,1.25,,,,0.31,,,,1.58,,822.04,15431.0,4,4,53.27198496532953,3,No,No,No,27347.9,p,24446.8,p,1.118669928170558,1.0319570973008179,1.0840275541459485,758.3202076884886,49.14264841478119,Yes
PT,Portugal,M,"Professional, scientific and technical activities",2021,10.38,,6.38,,2.91,,4.49,,0.68,,0.0,,3.9,,6.14,,4215.02,106163.0,4,4,39.70328645573316,0,No,Yes,No,8888.9,,8630.8,,1.0299045279695973,1.0299045279695973,1.0,4215.02,39.70328645573316,Yes
PT,Portugal,M,"Professional, scientific and technical activities",2023,10.68,,7.66,,3.42,,5.86,,1.89,,1.49,,1.81,,2.28,,6118.75,130233.0,4,4,46.98309952162662,0,No,Yes,No,12067.4,,10467.9,,1.1528004661871054,1.0299045279695973,1.119327505491981,5466.451927588977,41.97439917370387,Yes
PT,Portugal,M,"Professional, scientific and technical activities",2024,,,11.93,,7.76,,12.4,,6.49,,0.65,,4.25,,8.24,,6860.530000000001,140355.0,4,4,48.87984040468812,1,No,No,No,13013.1,p,10432.7,p,1.2473376978155224,1.0299045279695973,1.2111197338597812,5664.617467783979,40.35921390605236,Yes
PT,Portugal,N,Administrative and support service activities,2021,10.81,,8.57,,2.7,,1.78,,4.36,,0.46,,5.01,,2.39,,5832.09,313172.0,4,4,18.622641870920773,0,No,Yes,Yes,7646.9,,7160.7,,1.067898389822224,1.067898389822224,1.0,5832.09,18.622641870920773,Yes
PT,Portugal,N,Administrative and support service activities,2023,10.29,,5.81,,1.47,,3.15,,2.0,,2.31,,2.29,,5.28,,7924.889999999999,346273.0,4,4,22.886248711276934,0,No,Yes,Yes,10450.9,,8251.4,,1.2665608260416414,1.067898389822224,1.186031216183863,6681.856170277607,19.296497764127164,Yes
PT,Portugal,N,Administrative and support service activities,2024,12.91,,6.2,,4.15,,5.69,,1.78,,0.38,,2.88,,3.19,,8554.18,367883.0,4,4,23.25244710954298,0,No,Yes,Yes,11240.8,p,8202.4,p,1.370428167365649,1.067898389822224,1.2832945347860183,6665.796329777371,18.1193377507995,Yes
RO,Romania,C,Manufacturing,2021,1.28,,0.66,,0.43,,0.54,,0.92,,0.23,,0.42,,0.58,,25177.93,1005273.0,4,4,25.045863163538662,0,No,Yes,Yes,37860.1,,37090.8,,1.0207409923754676,1.0207409923754676,1.0,25177.93,25.045863163538662,Yes
RO,Romania,C,Manufacturing,2023,1.34,,1.0,,0.68,,0.37,,0.3,,0.17,,0.96,,0.2,,28418.88,974200.0,4,4,29.171504824471363,0,No,Yes,Yes,44620.6,p,36537.2,p,1.2212375332537797,1.0207409923754676,1.1964225424235357,23753.213427785504,24.382276152520536,Yes
RO,Romania,C,Manufacturing,2024,1.3,,0.86,,0.28,,0.52,,0.58,,0.18,,0.33,,0.35,,30640.32,945653.0,4,4,32.40122962651205,0,No,Yes,Yes,46665.9,p,36604.8,p,1.274857395751377,1.0207409923754676,1.2489528737202273,24532.807157673116,25.942715940913963,Yes
RO,Romania,F,Construction,2021,0.05,,0.0,,0.0,,0.0,,0.0,,0.0,,0.02,,0.02,,6164.89,312165.0,4,4,19.74881873368251,0,No,Yes,Yes,15475.1,,14637.4,,1.0572301091723941,1.0572301091723941,1.0,6164.89,19.74881873368251,Yes
RO,Romania,F,Construction,2023,0.13,,0.07,,0.03,,0.03,,0.04,,0.0,,0.09,,0.01,,10536.22,317718.0,4,4,33.16217526233956,0,No,Yes,Yes,25863.5,p,16437.4,p,1.5734544392665506,1.0572301091723941,1.4882800117169004,7079.4607984053155,22.282215041027943,Yes
RO,Romania,F,Construction,2024,0.18,,0.12,,0.03,,0.03,,0.07,,0.06,,0.04,,0.09,,11651.58,315736.0,4,4,36.902918894266094,0,No,Yes,Yes,28079.8,p,15985.4,p,1.7565903887297158,1.0572301091723941,1.6615024236348934,7012.677101312718,22.2105718109836,Yes
RO,Romania,G,Wholesale and retail trade; repair of motor vehicles and motorcycles,2021,0.6,,0.44,,0.38,,0.48,,0.06,,0.36,,0.43,,0.38,,18857.04,566390.0,4,4,33.29338441709776,0,No,Yes,Yes,30955.6,,29933.3,,1.0341525992790637,1.0341525992790637,1.0,18857.04,33.29338441709776,Yes
RO,Romania,G,Wholesale and retail trade; repair of motor vehicles and motorcycles,2023,1.29,,0.62,,0.34,,0.35,,0.07,,0.13,,1.15,,0.1,,20111.44,572492.0,4,4,35.12964373301286,0,No,Yes,Yes,39125.7,p,29031.6,p,1.347693547720415,1.0341525992790637,1.3031863466377491,15432.5128189748,26.956730956895118,Yes
RO,Romania,G,Wholesale and retail trade; repair of motor vehicles and motorcycles,2024,3.63,,1.87,,0.82,,0.64,,0.82,,0.33,,2.06,,0.9,,19989.16,580006.0,4,4,34.46371244435402,0,No,Yes,Yes,42902.5,p,29107.2,p,1.473948026605101,1.0341525992790637,1.425271306800013,14024.810507747618,24.18045762931352,Yes
RO,Romania,H,Transportation and storage,2021,0.31,,0.2,,0.1,,0.18,,0.1,,0.1,,0.1,,0.08,,5358.610000000001,283535.0,4,4,18.899289329359693,0,No,Yes,Yes,13743.0,,12772.8,,1.075958286358512,1.075958286358512,1.0,5358.610000000001,18.899289329359693,Yes
RO,Romania,H,Transportation and storage,2023,0.36,,0.29,,0.21,,0.16,,0.02,,0.05,,0.24,,0.05,,7286.88,287755.0,4,4,25.32320897986134,0,No,Yes,Yes,21650.8,p,16269.5,p,1.3307600110636466,1.075958286358512,1.2368137574993627,5891.655033602547,20.47455312193549,Yes
RO,Romania,H,Transportation and storage,2024,2.73,,2.58,,1.87,,0.79,,1.26,,0.61,,0.63,,1.82,,7877.87,287166.0,4,4,27.43315712862944,0,No,Yes,Yes,24585.2,p,17116.1,p,1.4363786142871333,1.075958286358512,1.334976116173084,5901.131791468401,20.54954901161141,Yes
RO,Romania,I,Accommodation and food service activities,2021,0.27,,0.0,,0.0,,0.0,,0.0,,0.0,,0.0,,0.0,,1475.67,109337.0,4,4,13.496529079817446,0,No,Yes,Yes,2838.6,,2739.1,,1.0363258004454017,1.0363258004454017,1.0,1475.67,13.496529079817446,Yes
RO,Romania,I,Accommodation and food service activities,2023,0.06,,0.0,,0.0,,0.03,,0.0,,0.0,,0.06,,0.03,,2290.91,130085.0,4,4,17.61086981588961,0,No,Yes,Yes,4544.2,p,3239.9,p,1.4025741535232568,1.0363258004454017,1.3534104361007373,1692.6942033935095,13.012216653676516,Yes
RO,Romania,I,Accommodation and food service activities,2024,0.08,,0.03,,0.03,,0.06,,0.0,,0.0,,0.06,,0.03,,2604.51,131258.0,4,4,19.842676255923447,0,No,Yes,Yes,5159.0,p,3266.5,p,1.5793662941986837,1.0363258004454017,1.5240055719155974,1708.9898147329368,13.020081173969865,Yes
RO,Romania,J,Information and communication,2021,8.8,,5.16,,4.27,,3.06,,3.44,,0.2,,2.63,,3.57,,7991.01,180087.0,4,4,44.37305302437155,0,No,Yes,Yes,15484.7,,15543.8,,0.996197840939796,0.996197840939796,1.0,7991.01,44.37305302437155,Yes
RO,Romania,J,Information and communication,2023,8.12,,7.24,,4.02,,4.59,,2.72,,1.9,,3.45,,1.93,,10510.55,203918.0,4,4,51.54302219519611,0,No,Yes,Yes,22479.8,p,19689.2,p,1.1417325234138511,0.996197840939796,1.1460901404250787,9170.788255888574,44.97292174250716,Yes
RO,Romania,J,Information and communication,2024,15.69,,12.89,,10.01,,9.48,,8.5,,2.33,,5.57,,5.74,,11409.11,202323.0,4,4,56.39057348892612,0,No,Yes,Yes,24317.9,p,19762.0,p,1.2305384070438214,0.996197840939796,1.2352349668645664,9236.388465394632,45.6516978563714,Yes
RO,Romania,L,Real estate activities,2021,0.39,,0.0,,0.0,,0.21,,0.0,,0.0,,0.0,,0.18,,894.53,19158.0,4,4,46.692243449211816,0,No,Yes,Yes,18643.9,,18759.0,,0.9938642784796632,0.9938642784796632,1.0,894.53,46.692243449211816,Yes
RO,Romania,L,Real estate activities,2023,0.0,,0.0,,0.0,,0.0,,0.0,,0.0,,0.0,,0.0,,1144.3,18040.0,4,4,63.431263858093125,0,No,Yes,Yes,23324.7,p,20953.4,p,1.1131701776322696,0.9938642784796632,1.1200424461729435,1021.6577094108726,56.63291072122354,Yes
RO,Romania,L,Real estate activities,2024,3.81,,3.59,,0.0,,3.38,,0.0,,0.0,,0.0,,0.0,,1259.27,17781.0,4,4,70.82110117541195,0,No,Yes,Yes,25619.7,p,20758.7,p,1.234166879428866,0.9938642784796632,1.2417861333307996,1014.0796117784823,57.0316411775762,Yes
RO,Romania,M,"Professional, scientific and technical activities",2021,6.68,,6.2,,5.86,,4.17,,0.23,,1.88,,3.8,,5.54,,2901.22,106732.0,4,4,27.182288348386614,0,No,Yes,Yes,11289.4,,10698.8,,1.0552024526115078,1.0552024526115078,1.0,2901.22,27.182288348386614,Yes
RO,Romania,M,"Professional, scientific and technical activities",2023,7.21,,6.6,,5.1,,3.8,,0.65,,0.47,,4.39,,1.86,,4261.26,120145.0,4,4,35.46764326438886,0,No,Yes,Yes,17282.2,p,13010.9,p,1.3282862830396054,1.0552024526115078,1.258797569842873,3385.1828936497736,28.175811674641253,Yes
RO,Romania,M,"Professional, scientific and technical activities",2024,9.06,,6.13,,5.74,,3.78,,2.83,,0.78,,1.51,,3.35,,4683.15,118559.0,4,4,39.500586206024,0,No,Yes,Yes,19620.0,p,13032.7,p,1.5054439985574746,1.0552024526115078,1.4266873573233927,3282.5341697749777,27.68692524207338,Yes
RO,Romania,N,Administrative and support service activities,2021,3.04,,1.64,,0.3,,0.88,,0.13,,0.13,,0.25,,0.21,,3770.12,259068.0,4,4,14.552627109484767,0,No,Yes,Yes,5897.1,,5787.1,,1.01900779319521,1.01900779319521,1.0,3770.12,14.552627109484767,Yes
RO,Romania,N,Administrative and support service activities,2023,1.57,,1.35,,1.3,,1.15,,0.3,,0.25,,0.92,,0.87,,5121.91,275662.0,4,4,18.580399184508565,0,No,Yes,Yes,8493.8,p,6770.2,p,1.2545862751469674,1.01900779319521,1.2311841808521164,4160.149293386037,15.091486288955451,Yes
RO,Romania,N,Administrative and support service activities,2024,5.3,,3.88,,1.05,,1.41,,0.72,,0.11,,2.1,,0.44,,5784.5,283664.0,4,4,20.39208359185515,0,No,Yes,Yes,9499.9,p,6669.4,p,1.4244009955918073,1.01900779319521,1.3978313071830812,4138.196054327158,14.58837235012958,Yes
SI,Slovenia,C,Manufacturing,2021,12.57,,3.51,,1.98,,2.94,,6.94,,0.74,,2.0,,7.58,,10232.07,185900.0,4,4,55.04072081764389,0,No,Yes,Yes,10366.4,,10632.8,,0.9749454518094952,0.9749454518094952,1.0,10232.07,55.04072081764389,Yes
SI,Slovenia,C,Manufacturing,2023,12.34,,5.92,,2.72,,2.57,,5.72,,1.52,,1.81,,8.57,,10576.06,190422.0,4,4,55.54011616304839,0,No,Yes,Yes,12486.2,,10637.9,,1.1737466981265101,0.9749454518094952,1.2039101223027817,8784.758765688104,46.13310838919928,Yes
SI,Slovenia,C,Manufacturing,2024,21.64,,10.96,,4.63,,4.45,,10.22,,1.81,,5.68,,15.23,,11109.48,188269.0,4,4,59.00854628218135,0,No,Yes,Yes,13018.1,,11083.4,,1.1745583485212119,0.9749454518094952,1.2047426308223048,9221.455035933403,48.98020935965774,Yes
SI,Slovenia,F,Construction,2021,4.16,,0.79,,0.0,,0.0,,0.0,,0.0,,0.79,,2.52,,1383.97,39633.0,4,4,34.91963767567431,0,No,Yes,Yes,2770.5,,2602.9,,1.0643897191593992,1.0643897191593992,1.0,1383.97,34.91963767567431,Yes
SI,Slovenia,F,Construction,2023,3.5,,0.8,,0.0,,0.68,,0.8,,,,,,3.44,,1873.25,42811.0,4,4,43.75627759220761,2,No,Yes,Yes,3944.4,,2971.2,,1.327544426494346,1.0643897191593992,1.2472352960556337,1501.9218955109193,35.082616512366435,Yes
SI,Slovenia,F,Construction,2024,11.94,,3.68,,2.35,,0.78,,1.55,,1.33,,1.4,,5.44,,1861.91,40392.0,4,4,46.09600911071499,0,No,Yes,Yes,3973.6,,2891.9,,1.3740447456689373,1.0643897191593992,1.2909226018775228,1442.3095523248496,35.70780234513887,Yes
SI,Slovenia,G,Wholesale and retail trade; repair of motor vehicles and motorcycles,2021,10.95,,6.08,,1.51,,3.03,,1.62,,2.52,,2.77,,7.59,,4096.19,79887.0,4,4,51.27480065592649,0,No,Yes,Yes,5523.4,,5255.3,,1.051015165642304,1.051015165642304,1.0,4096.19,51.27480065592649,Yes
SI,Slovenia,G,Wholesale and retail trade; repair of motor vehicles and motorcycles,2023,14.49,,5.78,,3.2,,4.61,,0.93,,2.53,,4.69,,9.48,,4397.469999999999,82436.0,4,4,53.344048716580126,0,No,Yes,Yes,6599.3,,4895.6,,1.3480063730696952,1.051015165642304,1.2825755680184614,3428.624487829556,41.591349505429136,Yes
SI,Slovenia,G,Wholesale and retail trade; repair of motor vehicles and motorcycles,2024,23.46,,14.64,,6.41,,4.73,,2.93,,3.14,,10.34,,16.14,,4777.24,83295.0,4,4,57.35326250075035,0,No,Yes,Yes,6651.7,,5044.2,,1.3186828436620277,1.051015165642304,1.2546753717451307,3807.550628299435,45.711634891643385,Yes
SI,Slovenia,H,Transportation and storage,2021,12.52,,5.27,,0.6,,0.0,,0.0,,1.68,,2.46,,10.04,,1984.59,37696.0,4,4,52.647230475382,0,No,Yes,Yes,2750.5,,2756.8,,0.9977147417295414,0.9977147417295414,1.0,1984.59,52.647230475382,Yes
SI,Slovenia,H,Transportation and storage,2023,7.5,,2.46,,1.36,,1.36,,,,2.33,,0.38,,5.04,,2424.05,40045.0,4,4,60.53315020601823,1,No,Yes,Yes,3386.1,,2911.6,,1.162968814397582,0.9977147417295414,1.165632585904837,2079.6004069483874,51.931587138179225,Yes
SI,Slovenia,H,Transportation and storage,2024,18.97,,7.24,,3.38,,2.32,,4.85,,8.76,,6.02,,8.58,,2516.02,40110.0,4,4,62.72799800548491,0,No,Yes,Yes,3489.4,,2823.2,,1.235973363559082,0.9977147417295414,1.2388043514487102,2031.00675022465,50.635919975683116,Yes
SI,Slovenia,I,Accommodation and food service activities,2021,5.08,,0.81,,0.0,,0.0,,0.0,,0.0,,1.4,,2.65,,494.9,16619.0,4,4,29.779168421686023,0,No,Yes,Yes,828.4,,804.9,,1.0291961734376942,1.0291961734376942,1.0,494.9,29.779168421686023,Yes
SI,Slovenia,I,Accommodation and food service activities,2023,6.53,,1.79,,,,,,0.0,,0.0,,4.4,,4.72,,728.39,19252.0,4,4,37.834510700187,2,No,Yes,Yes,1391.7,,1174.9,,1.184526342667461,1.0291961734376942,1.1509237725893764,632.8742331572928,32.873168146545446,Yes
SI,Slovenia,I,Accommodation and food service activities,2024,16.85,,8.85,,3.28,,4.7,,0.37,,1.16,,6.1,,7.97,,788.15,19705.0,4,4,39.99746257295103,0,No,Yes,Yes,1493.4,,1169.9,,1.2765193606291136,1.0291961734376942,1.2403071383032032,635.4474433471577,32.24803061898796,Yes
SI,Slovenia,J,Information and communication,2021,39.65,,23.89,,17.17,,12.0,,6.14,,1.55,,21.09,,27.12,,1350.41,18484.0,4,4,73.05832070980306,0,No,Yes,Yes,2021.2,,2032.0,,0.9946850393700788,0.9946850393700788,1.0,1350.41,73.05832070980306,Yes
SI,Slovenia,J,Information and communication,2023,32.48,,19.44,,11.62,,7.38,,5.8,,1.99,,7.65,,20.43,,1618.38,21155.0,4,4,76.50106357835027,0,No,Yes,Yes,2483.1,,2402.6,,1.0335053691833846,0.9946850393700788,1.0390277608255678,1557.5907218437585,73.6275453483223,Yes
SI,Slovenia,J,Information and communication,2024,52.94,,41.7,,25.26,,21.35,,17.48,,5.25,,27.42,,40.19,,1739.0500000000002,21364.0,4,4,81.4009548773638,0,No,Yes,Yes,2644.5,,2533.5,,1.043812907045589,0.9946850393700788,1.0493903755772,1657.2002569048377,77.56975551885593,Yes
SI,Slovenia,L,Real estate activities,2021,,,0.0,,0.0,,0.0,,0.0,,0.0,,0.0,,,,,1791.0,2,4,,2,No,No,No,3268.9,,3145.4,,1.0392636866535259,1.0392636866535259,1.0,,,No
SI,Slovenia,L,Real estate activities,2023,10.39,,7.38,,0.0,,0.0,,0.0,,0.0,,,,,,92.65,1739.0,4,4,53.27774583093732,2,No,Yes,No,4100.8,,3250.6,,1.26155171352981,1.0392636866535259,1.2138899200760696,76.3248779544969,43.8900965810793,Yes
SI,Slovenia,L,Real estate activities,2024,8.17,,,,0.0,,0.0,,0.0,,0.0,,4.71,,8.17,,,,2,2,,1,No,No,No,4238.1,,3221.9,,1.3154039541885223,1.0392636866535259,1.2657076073004918,,,No
SI,Slovenia,M,"Professional, scientific and technical activities",2021,18.59,,7.87,,3.4,,2.42,,4.32,,0.76,,5.13,,16.69,,1021.86,18909.0,4,4,54.040932889100425,0,No,Yes,Yes,3215.7,,3084.5,,1.0425352569298103,1.0425352569298103,1.0,1021.86,54.040932889100425,Yes
SI,Slovenia,M,"Professional, scientific and technical activities",2023,22.24,,10.18,,8.15,,5.25,,6.2,,0.0,,3.63,,14.59,,1287.71,21815.0,4,4,59.02865001146,0,No,Yes,Yes,3974.1,,3427.4,,1.159508665460699,1.0425352569298103,1.1122009138332327,1157.8034004322747,53.0737291053071,Yes
SI,Slovenia,M,"Professional, scientific and technical activities",2024,30.37,,18.25,,5.25,,4.11,,6.06,,0.99,,9.18,,15.72,,1268.97,21042.0,4,4,60.30652979754776,0,No,Yes,Yes,4226.1,,3492.0,,1.2102233676975946,1.0425352569298103,1.1608464650506052,1093.141977173253,51.95047890757784,Yes
SI,Slovenia,N,Administrative and support service activities,2021,9.02,,1.56,,0.0,,0.0,,0.0,,1.56,,1.96,,5.1,,692.15,26829.0,4,4,25.798576167579856,0,No,Yes,No,1219.0,,1175.0,,1.0374468085106383,1.0374468085106383,1.0,692.15,25.798576167579856,Yes
SI,Slovenia,N,Administrative and support service activities,2023,3.22,,,,,,0.0,,,,,,2.27,,2.59,,,26438.0,3,4,,4,No,No,No,1638.9,,1408.3,,1.1637435205566997,1.0374468085106383,1.121738012021429,,,No
SI,Slovenia,N,Administrative and support service activities,2024,7.65,,3.66,,2.84,,0.64,,0.56,,0.0,,3.8,,2.02,,799.1,24432.0,4,4,32.707105435494434,0,No,Yes,No,1677.6,,1388.5,,1.2082102988836874,1.0374468085106383,1.1645997548714788,686.1584820513601,28.084417241787826,Yes
SK,Slovakia,C,Manufacturing,2021,5.4,,2.07,,0.72,,2.02,,2.12,,0.92,,1.39,,0.86,,17087.47,387404.0,4,4,44.1076240823533,0,No,Yes,Yes,16941.9,,15695.6,,1.0794044190728613,1.0794044190728613,1.0,17087.47,44.1076240823533,Yes
SK,Slovakia,C,Manufacturing,2023,6.07,,3.0,,1.36,,2.14,,1.56,,0.94,,1.25,,0.85,,17145.5,381216.0,4,4,44.97581423654831,0,No,Yes,Yes,20812.5,,15693.0,,1.3262282546358248,1.0794044190728613,1.2286666898908651,13954.557522449744,36.605382571690974,Yes
SK,Slovakia,C,Manufacturing,2024,8.08,,4.23,,2.41,,2.77,,1.55,,0.88,,1.49,,1.35,,18182.06,368236.0,4,4,49.37610662727163,0,No,Yes,Yes,21260.2,,15988.9,,1.3296849689472072,1.0794044190728613,1.2318691173131575,14759.733598693569,40.08226680360846,Yes
SK,Slovakia,F,Construction,2021,2.12,,0.0,,0.0,,0.0,,1.02,,0.0,,1.02,,0.0,,1232.55,44726.0,4,4,27.557796360059022,0,No,Yes,Yes,7937.5,,7775.5,,1.020834673011382,1.020834673011382,1.0,1232.55,27.557796360059022,Yes
SK,Slovakia,F,Construction,2023,4.08,,3.09,,0.0,,1.03,,0.15,,0.0,,0.0,,0.15,,1573.66,45116.0,4,4,34.88030853799096,0,No,Yes,Yes,9692.8,,7170.3,,1.3517983905833786,1.020834673011382,1.3242089305172988,1188.3774257475018,26.34048731597442,Yes
SK,Slovakia,F,Construction,2024,6.31,,3.08,,2.06,,0.0,,0.07,,0.0,,1.05,,0.07,,1653.19,42871.0,4,4,38.56196496466143,0,No,Yes,Yes,10099.4,,7039.4,,1.4346961388754724,1.020834673011382,1.4054147814584232,1176.3004216338584,27.43813817344728,Yes
SK,Slovakia,G,Wholesale and retail trade; repair of motor vehicles and motorcycles,2021,4.88,,1.09,,0.03,,1.19,,0.64,,0.03,,2.39,,1.17,,6164.71,174001.0,4,4,35.42916420020575,0,No,Yes,Yes,9632.4,,9221.5,,1.0445589112400369,1.0445589112400369,1.0,6164.71,35.42916420020575,Yes
SK,Slovakia,G,Wholesale and retail trade; repair of motor vehicles and motorcycles,2023,6.96,,3.38,,1.46,,2.2,,0.99,,0.6,,1.59,,2.22,,7548.56,175966.0,4,4,42.89783253583079,0,No,Yes,Yes,13525.6,,10670.9,,1.2675219522252108,1.0445589112400369,1.21345185856534,6220.732983115323,35.35190311262018,Yes
SK,Slovakia,G,Wholesale and retail trade; repair of motor vehicles and motorcycles,2024,11.65,,6.86,,4.78,,5.01,,2.57,,0.42,,5.29,,2.31,,7557.57,175744.0,4,4,43.00328887472688,0,No,Yes,Yes,13656.2,,11000.6,,1.2414050142719488,1.0445589112400369,1.1884490198817301,6359.1873724226725,36.18437825713921,Yes
SK,Slovakia,H,Transportation and storage,2021,6.23,,1.96,,1.79,,1.79,,0.09,,0.89,,2.95,,0.17,,2913.67,86523.0,4,4,33.675092172023625,0,No,Yes,Yes,5632.8,,5327.0,,1.0574056692322134,1.0574056692322134,1.0,2913.67,33.675092172023625,Yes
SK,Slovakia,H,Transportation and storage,2023,3.32,,1.45,,0.77,,1.45,,0.09,,0.68,,0.68,,0.68,,3153.81,80886.0,4,4,38.99080186929753,0,No,Yes,Yes,6335.1,,6310.4,,1.003914173427992,1.0574056692322134,0.9494125127558075,3321.8542600050732,41.0683463146289,Yes
SK,Slovakia,H,Transportation and storage,2024,8.22,,3.79,,2.29,,3.79,,0.75,,1.01,,2.98,,2.78,,3098.11,78023.0,4,4,39.70765030824244,0,No,Yes,Yes,6367.2,,6009.8,,1.0594695330959432,1.0574056692322134,1.0019518184210496,3092.0748313848394,39.63029916030964,Yes
SK,Slovakia,I,Accommodation and food service activities,2021,1.25,,0.83,,0.42,,0.0,,0.42,,0.0,,0.83,,0.0,,301.99,24145.0,4,4,12.50735141851315,0,No,Yes,Yes,1349.2,,1349.8,,0.9995554897021781,0.9995554897021781,1.0,301.99,12.50735141851315,Yes
SK,Slovakia,I,Accommodation and food service activities,2023,2.31,,0.39,,0.39,,0.0,,0.39,,0.0,,0.77,,0.0,,664.4,29280.0,4,4,22.69125683060109,0,No,Yes,Yes,2209.5,,2191.4,,1.008259560098567,0.9995554897021781,1.0087079411659101,658.664389250328,22.495368485325407,Yes
SK,Slovakia,I,Accommodation and food service activities,2024,3.77,,0.0,,0.0,,1.31,,0.39,,0.39,,0.39,,0.39,,731.84,30497.0,4,4,23.997114470275765,0,No,Yes,Yes,2709.3,,2658.8,,1.0189935309162028,0.9995554897021781,1.0194466854659727,717.8796208116443,23.53935209403037,Yes
SK,Slovakia,J,Information and communication,2021,18.19,,11.4,,6.07,,10.73,,1.82,,0.67,,2.99,,4.59,,3114.65,46764.0,4,4,66.60358395346849,0,No,Yes,Yes,4650.2,,4423.2,,1.0513203110869958,1.0513203110869958,1.0,3114.65,66.60358395346849,Yes
SK,Slovakia,J,Information and communication,2023,21.62,,16.42,,9.14,,8.71,,2.35,,0.92,,9.77,,5.7,,3729.33,48994.0,4,4,76.11809609339919,0,No,Yes,Yes,5800.2,,4710.5,,1.2313342532639846,1.0513203110869958,1.171226542737357,3184.123535387029,64.9900709349518,Yes
SK,Slovakia,J,Information and communication,2024,29.19,,20.19,,13.25,,14.24,,8.68,,2.09,,10.85,,7.36,,3906.93,48716.0,4,4,80.19808687084327,0,No,Yes,Yes,6044.4,,4642.8,,1.3018867924528301,1.0513203110869958,1.2383350523369658,3154.986199112191,64.76283354775005,Yes
SK,Slovakia,L,Real estate activities,2021,0.76,,0.0,,0.0,,0.0,,0.0,,0.0,,0.0,,0.0,,,,2,2,,0,No,No,No,10027.6,,9393.0,,1.0675609496433516,1.0675609496433516,1.0,,,No
SK,Slovakia,L,Real estate activities,2023,6.47,,3.88,,2.59,,3.88,,0.0,,0.0,,1.29,,1.29,,,,2,2,,0,No,No,No,11611.0,,9309.0,,1.2472875711676872,1.0675609496433516,1.1683525625252387,,,No
SK,Slovakia,L,Real estate activities,2024,3.68,,1.14,,1.14,,2.28,,1.14,,0.0,,2.28,,0.0,,,,2,2,,0,No,No,No,12478.2,,9618.9,,1.297258522284253,1.0675609496433516,1.2151610853859336,,,No
SK,Slovakia,M,"Professional, scientific and technical activities",2021,3.67,,2.81,,0.87,,1.78,,0.09,,0.49,,0.57,,0.68,,1871.57,47160.0,4,4,39.68553859202714,0,No,Yes,Yes,5553.5,,6381.7,,0.8702226679411442,0.8702226679411442,1.0,1871.57,39.68553859202714,Yes
SK,Slovakia,M,"Professional, scientific and technical activities",2023,12.22,,7.37,,6.33,,6.48,,2.28,,1.02,,4.61,,4.55,,2102.42,46872.0,4,4,44.85449735449736,0,No,Yes,Yes,6648.2,,6737.0,,0.9868190589283063,0.8702226679411442,1.1339845481881285,1854.011153290607,39.55476944211058,Yes
SK,Slovakia,M,"Professional, scientific and technical activities",2024,17.12,,11.2,,6.67,,9.47,,2.97,,1.28,,4.85,,6.25,,2330.06,45970.0,4,4,50.68653469654122,0,No,Yes,Yes,6679.8,,6616.1,,1.0096280285969075,0.8702226679411442,1.1601950463846016,2008.3347254937264,43.68794269074889,Yes
SK,Slovakia,N,Administrative and support service activities,2021,8.6,,3.44,,1.63,,0.69,,0.61,,0.0,,1.89,,2.39,,1424.66,60989.0,4,4,23.359294298971943,0,No,Yes,Yes,3069.2,,2931.3,,1.0470439736635622,1.0470439736635622,1.0,1424.66,23.359294298971943,Yes
SK,Slovakia,N,Administrative and support service activities,2023,10.16,,7.22,,2.57,,4.94,,2.56,,0.0,,2.67,,4.83,,1839.36,63812.0,4,4,28.82467247539648,0,No,Yes,Yes,4045.6,,4174.6,,0.969098835816605,1.0470439736635622,0.9255569586306577,1987.3007088848371,31.14305630421923,Yes
SK,Slovakia,N,Administrative and support service activities,2024,18.37,,10.48,,2.27,,2.65,,0.9,,0.0,,6.5,,1.46,,2027.61,65903.0,4,4,30.766581187502847,0,No,Yes,Yes,4391.1,,4494.1,,0.9770810618366302,1.0470439736635622,0.933180541040569,2172.7949853509126,32.969591450327194,Yes
FI,Finland,C,Manufacturing,2021,16.25,,7.99,,2.97,,9.57,,6.6,,2.53,,2.24,,2.95,,30218.29,289561.0,4,4,104.35897790102948,0,No,Yes,Yes,37166.0,,34080.2,,1.0905452432790887,1.0905452432790887,1.0,30218.29,104.35897790102948,Yes
FI,Finland,C,Manufacturing,2023,12.98,,7.13,,3.62,,8.0,,5.83,,1.94,,3.17,,3.16,,28632.09,299164.0,4,4,95.70700351646587,0,No,Yes,Yes,39433.0,,30555.2,,1.2905495627585484,1.0905452432790887,1.1833984611936683,24194.80076991095,80.87470674917753,Yes
FI,Finland,C,Manufacturing,2024,20.75,,15.08,,8.95,,6.94,,5.73,,1.63,,7.17,,3.93,,30153.28,296493.0,4,4,101.69980404259124,0,No,Yes,Yes,39210.0,,32110.6,,1.221092100427896,1.0905452432790887,1.1197078781951995,26929.59528748029,90.82708626335291,Yes
FI,Finland,F,Construction,2021,9.39,,1.65,,1.27,,3.5,,1.52,,1.1,,2.53,,0.54,,8101.4,112821.0,4,4,71.80755355829146,0,No,Yes,Yes,14924.0,,15352.4,,0.9720955681196426,0.9720955681196426,1.0,8101.4,71.80755355829146,Yes
FI,Finland,F,Construction,2023,5.18,,1.57,,0.57,,2.19,,0.26,,0.15,,1.55,,0.46,,7943.95,109297.0,4,4,72.68223281517334,0,No,Yes,Yes,14921.0,,13585.9,,1.0982710015530808,0.9720955681196426,1.1297973548809646,7031.305185554249,64.33209681468155,Yes
FI,Finland,F,Construction,2024,11.26,,8.23,,4.67,,5.74,,2.33,,0.82,,2.0,,3.77,,7800.91,101730.0,4,4,76.68249287329205,0,No,Yes,Yes,13900.0,,12795.2,,1.0863448793297485,0.9720955681196426,1.1175288880609777,6980.499639284802,68.61790660852061,Yes
FI,Finland,G,Wholesale and retail trade; repair of motor vehicles and motorcycles,2021,13.32,,5.37,,3.0,,6.97,,1.74,,2.03,,4.43,,2.32,,12791.56,209509.0,4,4,61.05494274708963,0,No,Yes,Yes,19070.0,,18831.9,,1.0126434401202216,1.0126434401202216,1.0,12791.56,61.05494274708963,Yes
FI,Finland,G,Wholesale and retail trade; repair of motor vehicles and motorcycles,2023,10.79,,5.02,,2.93,,5.75,,2.49,,1.66,,3.71,,2.16,,13266.24,220157.0,4,4,60.25808854590134,0,No,Yes,Yes,20439.0,,16602.1,,1.2311093174959795,1.0126434401202216,1.2157382043079463,10912.086132517115,49.56502011072605,Yes
FI,Finland,G,Wholesale and retail trade; repair of motor vehicles and motorcycles,2024,21.65,,12.66,,7.57,,6.92,,3.27,,2.84,,10.67,,5.27,,12927.9,219610.0,4,4,58.86753790810983,0,No,Yes,Yes,20280.0,,16350.6,,1.2403214560933544,1.0126434401202216,1.2248353240170131,10554.806631148751,48.06159387618393,Yes
FI,Finland,H,Transportation and storage,2021,5.7,,2.92,,2.27,,4.01,,0.8,,2.49,,1.98,,0.66,,4839.54,90260.0,4,4,53.617770884112566,0,No,Yes,Yes,8250.0,,8082.9,,1.0206732732063988,1.0206732732063988,1.0,4839.54,53.617770884112566,Yes
FI,Finland,H,Transportation and storage,2023,8.37,,5.74,,1.22,,4.8,,2.11,,2.11,,1.46,,4.01,,6537.18,97441.0,4,4,67.08859720240966,0,No,Yes,Yes,10126.0,,7990.8,,1.2672072883816388,1.0206732732063988,1.2415405807587814,5265.377629464781,54.036572176648235,Yes
FI,Finland,H,Transportation and storage,2024,6.95,,3.72,,1.85,,4.3,,2.03,,2.19,,1.0,,1.16,,6192.14,97925.0,4,4,63.23349502170028,0,No,Yes,Yes,10025.0,,7938.1,,1.2628966629294163,1.0206732732063988,1.2373172650657185,5004.488480705967,51.1053202012353,Yes
FI,Finland,I,Accommodation and food service activities,2021,4.92,,2.25,,,,0.9,,,,0.0,,2.73,,,,1133.2,38877.0,4,4,29.148339635259923,3,No,Yes,Yes,2562.0,,2525.8,,1.0143320928022803,1.0143320928022803,1.0,1133.2,29.148339635259923,Yes
FI,Finland,I,Accommodation and food service activities,2023,2.46,,0.74,,0.0,,1.16,,,,0.0,,1.38,,,,1961.45,53913.0,4,4,36.38176321109936,2,No,Yes,Yes,4112.0,,3705.2,,1.1097916441757532,1.0143320928022803,1.0941107474079304,1792.7344235004477,33.25235886521706,Yes
FI,Finland,I,Accommodation and food service activities,2024,10.83,,4.45,,3.14,,2.61,,0.0,,0.31,,7.65,,1.45,,2063.23,53977.0,4,4,38.22424365933638,0,No,Yes,Yes,4313.0,,3660.3,,1.1783187170450509,1.0143320928022803,1.161669561089926,1776.0902662063324,32.90457539704564,Yes
FI,Finland,J,Information and communication,2021,40.64,,25.5,,14.38,,25.63,,9.33,,2.09,,16.23,,10.9,,10285.16,91523.0,4,4,112.37787222883864,0,No,Yes,Yes,13796.0,,13993.5,,0.9858863043555937,0.9858863043555937,1.0,10285.16,112.37787222883864,Yes
FI,Finland,J,Information and communication,2023,48.19,,38.15,,27.42,,23.55,,11.95,,4.33,,15.69,,14.05,,10851.13,97794.0,4,4,110.95905679285028,0,No,Yes,Yes,15062.0,,14988.5,,1.0049037595489876,0.9858863043555937,1.0192897042076514,10645.77612744079,108.85919511872702,Yes
FI,Finland,J,Information and communication,2024,66.43,,56.75,,41.4,,33.91,,16.91,,2.98,,27.72,,18.11,,11106.8,95913.0,4,4,115.80077778820387,0,No,Yes,Yes,15885.0,,15551.4,,1.021451444885991,0.9858863043555937,1.0360742819666653,10720.08078312415,111.76879863130283,Yes
FI,Finland,L,Real estate activities,2021,18.67,,6.79,,2.49,,13.35,,5.0,,1.61,,11.42,,3.92,,1671.19,14004.0,4,4,119.33661810911168,0,No,Yes,Yes,28221.0,,28210.3,,1.0003792940876206,1.0003792940876206,1.0,1671.19,119.33661810911168,Yes
FI,Finland,L,Real estate activities,2023,18.8,,10.44,,2.59,,11.32,,4.52,,,,4.51,,7.48,,1820.51,14147.0,4,4,128.685233618435,1,No,Yes,Yes,29943.0,,29957.6,,0.9995126445376132,1.0003792940876206,0.9991336790404106,1822.0885134694456,128.7968129970627,Yes
FI,Finland,L,Real estate activities,2024,32.85,,17.86,,9.03,,12.1,,4.66,,1.73,,15.0,,5.38,,2007.76,13758.0,4,4,145.93400203517956,0,No,Yes,Yes,30438.0,,29768.4,,1.0224936509856088,1.0003792940876206,1.022105972233419,1964.3364333473307,142.7777608189658,Yes
FI,Finland,M,"Professional, scientific and technical activities",2021,29.63,,20.98,,11.58,,17.62,,7.28,,,,8.94,,3.82,,6221.8,85620.0,4,4,72.66760102779725,1,No,Yes,Yes,11745.0,,11657.5,,1.0075058974908857,1.0075058974908857,1.0,6221.8,72.66760102779725,Yes
FI,Finland,M,"Professional, scientific and technical activities",2023,31.54,,19.62,,11.38,,17.23,,3.1,,,,4.58,,7.63,,6886.55,92736.0,4,4,74.25972653554176,1,No,Yes,Yes,12609.0,,12162.8,,1.0366856315979873,1.0075058974908857,1.0289623457091135,6692.713323007079,72.16952772393763,Yes
FI,Finland,M,"Professional, scientific and technical activities",2024,48.46,,31.57,,22.86,,21.24,,13.18,,2.18,,18.53,,6.85,,6911.629999999999,89941.0,4,4,76.84626588541376,0,No,Yes,Yes,12880.0,,11935.7,,1.0791155943932906,1.0075058974908857,1.0710762061847412,6452.9768844551,71.74677715897198,Yes
FI,Finland,N,Administrative and support service activities,2021,17.28,,11.43,,6.63,,7.48,,1.31,,,,6.13,,5.05,,5582.9400000000005,153948.0,4,4,36.265102502143584,1,No,Yes,Yes,7788.0,,7600.9,,1.0246155060584932,1.0246155060584932,1.0,5582.9400000000005,36.265102502143584,Yes
FI,Finland,N,Administrative and support service activities,2023,14.76,,10.53,,4.52,,12.32,,1.6,,0.48,,4.15,,7.45,,5847.59,156977.0,4,4,37.251253368327845,0,No,Yes,Yes,8599.0,,8092.2,,1.0626282098811202,1.0246155060584932,1.0370994813155374,5638.407988192669,35.91868864988291,Yes
FI,Finland,N,Administrative and support service activities,2024,24.78,,19.93,,9.02,,14.43,,8.7,,1.6,,7.12,,8.08,,6332.26,146459.0,4,4,43.23571784595006,0,No,Yes,Yes,9123.0,,8404.0,,1.0855544978581628,1.0246155060584932,1.0594749849473688,5976.790476383513,40.80862546093797,Yes
SE,Sweden,C,Manufacturing,2021,8.87,,3.53,,1.52,,4.27,,3.25,,0.95,,1.72,,3.17,,66952.71,602801.0,4,4,111.06934129173642,0,No,Yes,Yes,68875.9,,68915.0,,0.9994326344047013,0.9994326344047013,1.0,66952.71,111.06934129173642,Yes
SE,Sweden,C,Manufacturing,2023,7.47,b,3.43,b,1.8,b,3.67,b,2.59,b,1.11,b,0.57,b,2.1,b,68608.87000000001,559887.0,4,4,122.54056622139828,0,Yes,Yes,Yes,71682.3,,67395.9,,1.0636003080306073,0.9994326344047013,1.0642041008237906,64469.65384449329,115.14761700931312,Yes
SE,Sweden,C,Manufacturing,2024,19.49,,10.33,,3.62,,6.38,,3.9,,1.51,,3.93,,3.04,,68970.12000000001,561081.0,4,4,122.92364204098875,0,No,Yes,Yes,72569.9,,67387.0,,1.0769124608604033,0.9994326344047013,1.0775238107987657,64007.97765097426,114.07974543956088,Yes
SE,Sweden,F,Construction,2021,2.32,,1.22,,0.23,,0.92,,0.17,,0.12,,0.47,,0.83,,21602.43,311612.0,4,4,69.32476926434155,0,No,Yes,Yes,31335.7,,28659.1,,1.0933944192246094,1.0933944192246094,1.0,21602.43,69.32476926434155,Yes
SE,Sweden,F,Construction,2023,2.78,b,0.23,b,0.06,b,0.21,b,0.07,b,0.02,b,0.08,b,0.18,b,20696.83,275899.0,4,4,75.01596598755341,0,Yes,Yes,Yes,30856.3,,29424.4,,1.0486636940770244,1.0933944192246094,0.9590900370798433,21579.652795702026,78.21577024817786,Yes
SE,Sweden,F,Construction,2024,13.15,,4.06,,3.07,,1.18,,0.12,,0.04,,4.43,,0.39,,20141.15,259236.0,4,4,77.69426314246478,0,No,Yes,Yes,31029.2,,28615.1,,1.084364548787179,1.0933944192246094,0.9917414335772501,20308.87216978531,78.34124955556061,Yes
SE,Sweden,G,Wholesale and retail trade; repair of motor vehicles and motorcycles,2021,11.84,,6.57,,2.35,,4.46,,2.05,,1.81,,4.08,,3.55,,43373.26,557419.0,4,4,77.81087476386703,0,No,Yes,Yes,53716.3,,50828.3,,1.0568187407408864,1.0568187407408864,1.0,43373.26,77.81087476386703,Yes
SE,Sweden,G,Wholesale and retail trade; repair of motor vehicles and motorcycles,2023,10.79,b,6.0,b,3.13,b,4.83,b,2.98,b,2.41,b,4.53,b,3.12,b,38641.49,525584.0,4,4,73.52105467441932,0,Yes,Yes,Yes,48726.7,,44097.6,,1.1049739668371974,1.0568187407408864,1.0455662113472284,36957.477757635104,70.31697646358167,Yes
SE,Sweden,G,Wholesale and retail trade; repair of motor vehicles and motorcycles,2024,22.47,,11.98,,7.69,,7.68,,2.56,,1.79,,14.41,,3.12,,39056.71,513233.0,4,4,76.09937396854839,0,No,Yes,Yes,50777.8,,44887.9,,1.1312135341595397,1.0568187407408864,1.0703950361123409,36488.126983336355,71.09466262562297,Yes
SE,Sweden,H,Transportation and storage,2021,3.71,,3.22,,1.66,,1.98,,3.02,,2.89,,2.52,,2.81,,13708.25,232176.0,4,4,59.042493625525466,0,No,Yes,Yes,22795.9,,20944.4,,1.0884007180917095,1.0884007180917095,1.0,13708.25,59.042493625525466,Yes
SE,Sweden,H,Transportation and storage,2023,4.74,b,1.07,b,0.68,b,2.05,b,0.65,b,1.4,b,0.3,b,0.69,b,13865.19,215061.0,4,4,64.47096405205964,0,Yes,Yes,Yes,24339.6,,23218.6,,1.0482802580689619,1.0884007180917095,0.9631381536635784,14395.847519132833,66.93843848551262,Yes
SE,Sweden,H,Transportation and storage,2024,15.54,,10.07,,5.01,,4.05,,0.46,,2.39,,4.28,,2.71,,14325.62,213754.0,4,4,67.01919028415841,0,No,Yes,Yes,24935.1,,22195.3,,1.1234405482241736,1.0884007180917095,1.032193868995143,13878.807489862555,64.9288784764849,Yes
SE,Sweden,I,Accommodation and food service activities,2021,4.2,,1.7,,0.9,,1.16,,0.0,,1.0,,2.36,,0.83,,4809.139999999999,138508.0,4,4,34.72102694429202,0,No,Yes,Yes,5995.4,,5783.4,,1.0366566379638276,1.0366566379638276,1.0,4809.139999999999,34.72102694429202,Yes
SE,Sweden,I,Accommodation and food service activities,2023,3.18,b,1.19,b,0.96,b,1.39,b,1.16,b,0.0,b,1.37,b,0.0,b,6413.76,184121.0,4,4,34.83448384486289,0,Yes,Yes,Yes,8165.1,,8411.1,,0.9707529336234262,1.0366566379638276,0.9364266798408317,6849.185460083403,37.19937139209217,Yes
SE,Sweden,I,Accommodation and food service activities,2024,10.47,,4.87,,2.72,,3.42,,2.43,,0.34,,5.79,,0.0,,6701.69,184969.0,4,4,36.2314225626997,0,No,Yes,Yes,8702.8,,8314.3,,1.0467267238372442,1.0366566379638276,1.0097140031758212,6637.216062094205,35.88285638184888,Yes
SE,Sweden,J,Information and communication,2021,30.81,,16.09,,10.93,,14.83,,4.61,,1.45,,11.38,,10.8,,27633.07,220000.0,4,4,125.60486363636365,0,No,Yes,Yes,38970.0,,37693.6,,1.0338625124689602,1.0338625124689602,1.0,27633.07,125.60486363636365,Yes
SE,Sweden,J,Information and communication,2023,36.85,b,26.47,b,19.24,b,20.87,b,16.63,b,1.19,b,11.49,b,12.43,b,23844.71,209547.0,4,4,113.79170305468465,0,Yes,Yes,Yes,34986.7,,35342.0,,0.9899468055005375,1.0338625124689602,0.9575226817504506,24902.50148060138,118.83969458212898,Yes
SE,Sweden,J,Information and communication,2024,67.56,,53.53,,34.79,,28.3,,23.13,,2.87,,28.62,,16.49,,30805.48,202221.0,4,4,152.33571191913796,0,No,Yes,Yes,37187.3,,36376.1,,1.0223003565527917,1.0338625124689602,0.9888165440020096,31153.88813714811,154.0586197138186,Yes
SE,Sweden,L,Real estate activities,2021,9.6,,2.73,,0.5,,6.32,,1.01,,0.56,,0.0,,2.31,,14052.7,63114.0,4,4,222.65582913458184,0,No,Yes,Yes,39473.9,,38862.7,,1.0157271625491797,1.0157271625491797,1.0,14052.7,222.65582913458184,Yes
SE,Sweden,L,Real estate activities,2023,17.75,b,6.28,b,1.95,b,5.42,b,2.39,b,0.0,b,2.04,b,2.87,b,14954.72,62549.0,4,4,239.0880749492398,0,Yes,Yes,Yes,41553.7,,41999.7,,0.9893808765300705,1.0157271625491797,0.9740616506178807,15352.950185969961,245.4547664386315,Yes
SE,Sweden,L,Real estate activities,2024,28.97,,11.76,,4.34,,8.66,,4.67,,0.0,,4.49,,4.01,,16415.46,60569.0,4,4,271.0208192309597,0,No,Yes,Yes,44654.9,,42741.8,,1.0447594626337684,1.0157271625491797,1.028582774149434,15959.298962180692,263.4895567399279,Yes
SE,Sweden,M,"Professional, scientific and technical activities",2021,16.47,,9.78,,5.06,,7.62,,4.06,,1.19,,4.81,,6.13,,17692.879999999997,229883.0,4,4,76.96471683421565,0,No,Yes,Yes,37003.2,,35309.9,,1.0479553892817595,1.0479553892817595,1.0,17692.879999999997,76.96471683421565,Yes
SE,Sweden,M,"Professional, scientific and technical activities",2023,20.69,b,12.41,b,4.52,b,10.48,b,4.48,b,0.24,b,4.96,b,4.15,b,19367.47,225749.0,4,4,85.79205223500436,0,Yes,Yes,Yes,39278.1,,40566.8,,0.9682326434424208,1.0479553892817595,0.923925439331937,20962.156874914108,92.85603424561839,Yes
SE,Sweden,M,"Professional, scientific and technical activities",2024,53.71,,35.25,,20.17,,18.79,,10.99,,0.03,,17.25,,6.66,,20187.63,226349.0,4,4,89.18806798351218,0,No,Yes,Yes,42561.4,,42460.7,,1.0023716048016167,1.0479553892817595,0.9565021708496726,21105.68132016583,93.24397863549575,Yes
SE,Sweden,N,Administrative and support service activities,2021,8.58,,3.64,,0.59,,5.74,,0.56,,0.12,,3.21,,1.66,,13095.82,312385.0,4,4,41.92205131488388,0,No,Yes,Yes,15874.8,,15084.0,,1.0524264120922833,1.0524264120922833,1.0,13095.82,41.92205131488388,Yes
SE,Sweden,N,Administrative and support service activities,2023,8.3,b,1.48,b,1.04,b,3.0,b,4.5,b,0.49,b,4.34,b,0.92,b,13952.7,297122.0,4,4,46.95949811861794,0,Yes,Yes,Yes,18467.5,,17834.7,,1.0354813930147408,1.0524264120922833,0.9838990936726353,14181.027393691622,47.72796155684069,Yes
SE,Sweden,N,Administrative and support service activities,2024,21.63,,11.91,,6.68,,7.87,,4.83,,2.15,,9.8,,2.62,,14234.1,282262.0,4,4,50.42867973726538,0,No,Yes,Yes,20044.8,,18315.8,,1.0943993710348443,1.0524264120922833,1.0398820843531629,13688.186587861092,48.49461347209717,Yes
